{
    "Cp (J/mol-atom/K)": [" +24.5243 +0.00809567*T -1.1774e-07*T*T -115512/T/T", {"error": 0.07}],
    "G-H298.15 (J/mol-atom)": [" -8047.66 +128.891*T -24.5243*T*log(T) -0.00404783*T*T +1.96233e-08*T*T*T +57756/T", {"error": 16.17}],
    "H-H298.15 (J/mol-atom)": [" -8047.66 +24.5243*T +0.00404783*T*T -3.92467e-08*T*T*T +115512/T", {"error": 16.17}],
    "S (J/mol-atom/K)": [" -104.367 +24.5243*log(T) +0.00809567*T -5.887e-08*T*T +57756/T/T", {"error": 0.01}],
    "T": [290.0, 2000.0]
}
