{
    "Cp (J/mol-atom/K)": [" +32.5951 -0.00667954*T +6.27313e-06*T*T -551465/T/T", {"error": 0.88}],
    "G-H298.15 (J/mol-atom)": [" -11361.1 +181.32*T -32.5951*T*log(T) +0.00333977*T*T -1.04552e-06*T*T*T +275732/T", {"error": 109.99}],
    "H-H298.15 (J/mol-atom)": [" -11361.1 +32.5951*T -0.00333977*T*T +2.09104e-06*T*T*T +551465/T", {"error": 109.99}],
    "S (J/mol-atom/K)": [" -148.724 +32.5951*log(T) -0.00667954*T +3.13656e-06*T*T +275732/T/T", {"error": 0.08}],
    "T": [297.81, 1847.55]
}
