{
    "Cp (J/mol-atom/K)": [" +17.5029 +0.0100591*T -2.56532e-06*T*T -55557.5/T/T", {"error": 0.04}],
    "G-H298.15 (J/mol-atom)": [" -5910.88 +91.428*T -17.5029*T*log(T) -0.00502954*T*T +4.27553e-07*T*T*T +27778.8/T", {"error": 86.66}],
    "H-H298.15 (J/mol-atom)": [" -5910.88 +17.5029*T +0.00502954*T*T -8.55105e-07*T*T*T +55557.5/T", {"error": 86.66}],
    "S (J/mol-atom/K)": [" -73.9251 +17.5029*log(T) +0.0100591*T -1.28266e-06*T*T +27778.8/T/T", {"error": 0.11}],
    "T": [297.81, 2000.0]
}
