{
    "Cp (J/mol-atom/K)": [" +24.4057 +0.00826859*T -1.77002e-07*T*T -107419/T/T", {"error": 0.07}],
    "G-H298.15 (J/mol-atom)": [" -7991.72 +128.098*T -24.4057*T*log(T) -0.0041343*T*T +2.95003e-08*T*T*T +53709.6/T", {"error": 16.86}],
    "H-H298.15 (J/mol-atom)": [" -7991.72 +24.4057*T +0.0041343*T*T -5.90006e-08*T*T*T +107419/T", {"error": 16.86}],
    "S (J/mol-atom/K)": [" -103.692 +24.4057*log(T) +0.00826859*T -8.8501e-08*T*T +53709.6/T/T", {"error": 0.02}],
    "T": [297.81, 2000.0]
}
