{
    "Cp (J/mol-atom/K)": [" +17.483 +0.0100629*T -2.56018e-06*T*T -54087.2/T/T", {"error": 0.04}],
    "G-H298.15 (J/mol-atom)": [" -5923.16 +91.2814*T -17.483*T*log(T) -0.00503143*T*T +4.26697e-07*T*T*T +27043.6/T", {"error": 155.24}],
    "H-H298.15 (J/mol-atom)": [" -5923.16 +17.483*T +0.00503143*T*T -8.53393e-07*T*T*T +54087.2/T", {"error": 155.24}],
    "S (J/mol-atom/K)": [" -73.7983 +17.483*log(T) +0.0100629*T -1.28009e-06*T*T +27043.6/T/T", {"error": 0.11}],
    "T": [297.81, 2000.0]
}
