{
    "Cp (J/mol-atom/K)": [" +17.6559 +0.00881925*T -1.99376e-06*T*T -42190.4/T/T", {"error": 0.01}],
    "G-H298.15 (J/mol-atom)": [" -5603.01 +91.7069*T -17.6559*T*log(T) -0.00440963*T*T +3.32293e-07*T*T*T +21095.2/T", {"error": 125.07}],
    "H-H298.15 (J/mol-atom)": [" -5603.01 +17.6559*T +0.00440963*T*T -6.64586e-07*T*T*T +42190.4/T", {"error": 125.07}],
    "S (J/mol-atom/K)": [" -74.051 +17.6559*log(T) +0.00881925*T -9.96879e-07*T*T +21095.2/T/T", {"error": 0.1}],
    "T": [297.81, 2000.0]
}
