{
    "Cp (J/mol-atom/K)": [" +19.4182 +0.0157441*T -3.28993e-06*T*T +133531/T/T", {"error": 0.15}],
    "G-H298.15 (J/mol-atom)": [" -6080.5 +101.162*T -19.4182*T*log(T) -0.00787203*T*T +5.48322e-07*T*T*T -66765.3/T", {"error": 69.6}],
    "H-H298.15 (J/mol-atom)": [" -6080.5 +19.4182*T +0.00787203*T*T -1.09664e-06*T*T*T -133531/T", {"error": 69.6}],
    "S (J/mol-atom/K)": [" -81.7438 +19.4182*log(T) +0.0157441*T -1.64497e-06*T*T -66765.3/T/T", {"error": 0.35}],
    "T": [297.81, 2000.0]
}
