{
    "Cp (J/mol-atom/K)": [" +34.9124 -0.0181324*T +1.51631e-05*T*T -591460/T/T", {"error": 0.51}],
    "G-H298.15 (J/mol-atom)": [" -12241.1 +200.229*T -34.9124*T*log(T) +0.00906618*T*T -2.52718e-06*T*T*T +295730/T", {"error": 286.35}],
    "H-H298.15 (J/mol-atom)": [" -12241.1 +34.9124*T -0.00906618*T*T +5.05436e-06*T*T*T +591460/T", {"error": 286.35}],
    "S (J/mol-atom/K)": [" -165.316 +34.9124*log(T) -0.0181324*T +7.58154e-06*T*T +295730/T/T", {"error": 0.22}],
    "T": [297.81, 1672.59]
}
