{
    "Cp (J/mol-atom/K)": [" +19.1802 +0.0167986*T -4.05369e-06*T*T +133810/T/T", {"error": 0.13}],
    "G-H298.15 (J/mol-atom)": [" -6020.84 +99.8675*T -19.1802*T*log(T) -0.00839929*T*T +6.75615e-07*T*T*T -66905.1/T", {"error": 377.64}],
    "H-H298.15 (J/mol-atom)": [" -6020.84 +19.1802*T +0.00839929*T*T -1.35123e-06*T*T*T -133810/T", {"error": 377.64}],
    "S (J/mol-atom/K)": [" -80.6873 +19.1802*log(T) +0.0167986*T -2.02685e-06*T*T -66905.1/T/T", {"error": 0.34}],
    "T": [297.81, 2000.0]
}
