{
    "Cp (J/mol-atom/K)": [" +19.1136 +0.0161683*T -3.35361e-06*T*T +154010/T/T", {"error": 0.15}],
    "G-H298.15 (J/mol-atom)": [" -5756.62 +99.0351*T -19.1136*T*log(T) -0.00808415*T*T +5.58935e-07*T*T*T -77004.9/T", {"error": 469.75}],
    "H-H298.15 (J/mol-atom)": [" -5756.62 +19.1136*T +0.00808415*T*T -1.11787e-06*T*T*T -154010/T", {"error": 469.75}],
    "S (J/mol-atom/K)": [" -79.9215 +19.1136*log(T) +0.0161683*T -1.6768e-06*T*T -77004.9/T/T", {"error": 0.37}],
    "T": [290.0, 2000.0]
}
