{
    "Cp (J/mol-atom/K)": [" +36.1076 +0.0106028*T -1.25217e-05*T*T -1.51342e+06/T/T", {"error": 2.97}],
    "G-H298.15 (J/mol-atom)": [" -17339.8 +222.387*T -36.1076*T*log(T) -0.00530141*T*T +2.08696e-06*T*T*T +756709/T", {"error": 962.76}],
    "H-H298.15 (J/mol-atom)": [" -17339.8 +36.1076*T +0.00530141*T*T -4.17391e-06*T*T*T +1.51342e+06/T", {"error": 962.76}],
    "S (J/mol-atom/K)": [" -186.279 +36.1076*log(T) +0.0106028*T -6.26087e-06*T*T +756709/T/T", {"error": 1.6}],
    "T": [297.81, 1037.24]
}
