{
    "Cp (J/mol-atom/K)": [" +29.9106 +0.00430358*T -2.48526e-06*T*T -824340/T/T", {"error": 2.33}],
    "G-H298.15 (J/mol-atom)": [" -10459.6 +172.33*T -29.9106*T*log(T) -0.00215179*T*T +4.14211e-07*T*T*T +412170/T", {"error": 1347.93}],
    "H-H298.15 (J/mol-atom)": [" -10459.6 +29.9106*T +0.00215179*T*T -8.28421e-07*T*T*T +824340/T", {"error": 1347.93}],
    "S (J/mol-atom/K)": [" -142.419 +29.9106*log(T) +0.00430358*T -1.24263e-06*T*T +412170/T/T", {"error": 1.47}],
    "T": [297.81, 2000.0]
}
