{
    "Cp (J/mol-atom/K)": [" +19.433 +0.0156793*T -3.17731e-06*T*T +134640/T/T", {"error": 0.15}],
    "G-H298.15 (J/mol-atom)": [" -5971.87 +101.227*T -19.433*T*log(T) -0.00783964*T*T +5.29552e-07*T*T*T -67319.8/T", {"error": 435.73}],
    "H-H298.15 (J/mol-atom)": [" -5971.87 +19.433*T +0.00783964*T*T -1.0591e-06*T*T*T -134640/T", {"error": 435.73}],
    "S (J/mol-atom/K)": [" -81.7936 +19.433*log(T) +0.0156793*T -1.58866e-06*T*T -67319.8/T/T", {"error": 0.35}],
    "T": [297.81, 2000.0]
}
