{
    "Cp (J/mol-atom/K)": [" +24.4313 +0.00635109*T -1.35657e-06*T*T -13364.8/T/T", {"error": 0.0}],
    "G-H298.15 (J/mol-atom)": [" -7598.03 +114.774*T -24.4313*T*log(T) -0.00317555*T*T +2.26095e-07*T*T*T +6682.4/T", {"error": 44.19}],
    "H-H298.15 (J/mol-atom)": [" -7598.03 +24.4313*T +0.00317555*T*T -4.52189e-07*T*T*T +13364.8/T", {"error": 44.19}],
    "S (J/mol-atom/K)": [" -90.3426 +24.4313*log(T) +0.00635109*T -6.78284e-07*T*T +6682.4/T/T", {"error": 0.02}],
    "T": [297.81, 1248.56]
}
