{
    "Cp (J/mol-atom/K)": [" +36.3648 -0.0173829*T +1.13409e-05*T*T -644845/T/T", {"error": 0.79}],
    "G-H298.15 (J/mol-atom)": [" -12327.9 +191.809*T -36.3648*T*log(T) +0.00869147*T*T -1.89014e-06*T*T*T +322422/T", {"error": 112.25}],
    "H-H298.15 (J/mol-atom)": [" -12327.9 +36.3648*T -0.00869147*T*T +3.78028e-06*T*T*T +644845/T", {"error": 112.25}],
    "S (J/mol-atom/K)": [" -155.444 +36.3648*log(T) -0.0173829*T +5.67043e-06*T*T +322422/T/T", {"error": 0.11}],
    "T": [290.0, 1940.0]
}
