{
    "Cp (J/mol-atom/K)": [" +35.2612 -0.0157577*T +1.07814e-05*T*T -572306/T/T", {"error": 0.75}],
    "G-H298.15 (J/mol-atom)": [" -11817.5 +184.43*T -35.2612*T*log(T) +0.00787885*T*T -1.7969e-06*T*T*T +286153/T", {"error": 103.59}],
    "H-H298.15 (J/mol-atom)": [" -11817.5 +35.2612*T -0.00787885*T*T +3.5938e-06*T*T*T +572306/T", {"error": 103.59}],
    "S (J/mol-atom/K)": [" -149.169 +35.2612*log(T) -0.0157577*T +5.39069e-06*T*T +286153/T/T", {"error": 0.1}],
    "T": [297.81, 1938.3]
}
