{
    "Cp (J/mol-atom/K)": [" +17.8897 +0.0174172*T -4.29188e-06*T*T +345682/T/T", {"error": 0.25}],
    "G-H298.15 (J/mol-atom)": [" -4912.42 +72.1232*T -17.8897*T*log(T) -0.00870862*T*T +7.15314e-07*T*T*T -172841/T", {"error": 68.99}],
    "H-H298.15 (J/mol-atom)": [" -4912.42 +17.8897*T +0.00870862*T*T -1.43063e-06*T*T*T -345682/T", {"error": 68.99}],
    "S (J/mol-atom/K)": [" -54.2335 +17.8897*log(T) +0.0174172*T -2.14594e-06*T*T -172841/T/T", {"error": 0.05}],
    "T": [297.81, 2000.0]
}
