{
    "Cp (J/mol-atom/K)": [" +24.8135 +0.00566424*T -1.04476e-06*T*T -34099.4/T/T", {"error": 0.02}],
    "G-H298.15 (J/mol-atom)": [" -7823 +117.197*T -24.8135*T*log(T) -0.00283212*T*T +1.74127e-07*T*T*T +17049.7/T", {"error": 136.16}],
    "H-H298.15 (J/mol-atom)": [" -7823 +24.8135*T +0.00283212*T*T -3.48253e-07*T*T*T +34099.4/T", {"error": 136.16}],
    "S (J/mol-atom/K)": [" -92.3836 +24.8135*log(T) +0.00566424*T -5.2238e-07*T*T +17049.7/T/T", {"error": 0.11}],
    "T": [297.81, 2000.0]
}
