{
    "Cp (J/mol-atom/K)": [" +24.4277 +0.00635463*T -1.1933e-06*T*T -14431.7/T/T", {"error": 0.01}],
    "G-H298.15 (J/mol-atom)": [" -7691.65 +114.845*T -24.4277*T*log(T) -0.00317731*T*T +1.98884e-07*T*T*T +7215.87/T", {"error": 145.33}],
    "H-H298.15 (J/mol-atom)": [" -7691.65 +24.4277*T +0.00317731*T*T -3.97767e-07*T*T*T +14431.7/T", {"error": 145.33}],
    "S (J/mol-atom/K)": [" -90.4175 +24.4277*log(T) +0.00635463*T -5.96651e-07*T*T +7215.87/T/T", {"error": 0.05}],
    "T": [297.81, 2000.0]
}
