{
    "Cp (J/mol-atom/K)": [" +4.1596 +0.0416025*T -1.31116e-05*T*T +1.11614e+06/T/T", {"error": 1.11}],
    "G-H298.15 (J/mol-atom)": [" -874.084 -16.1338*T -4.1596*T*log(T) -0.0208013*T*T +2.18527e-06*T*T*T -558072/T", {"error": 2097.48}],
    "H-H298.15 (J/mol-atom)": [" -874.084 +4.1596*T +0.0208013*T*T -4.37053e-06*T*T*T -1.11614e+06/T", {"error": 2097.48}],
    "S (J/mol-atom/K)": [" +20.2934 +4.1596*log(T) +0.0416025*T -6.5558e-06*T*T -558072/T/T", {"error": 1.55}],
    "T": [297.81, 2000.0]
}
