{
    "Cp (J/mol-atom/K)": [" +24.8738 +0.0017385*T +1.98949e-07*T*T -103757/T/T", {"error": 0.01}],
    "G-H298.15 (J/mol-atom)": [" -7804.68 +133.81*T -24.8738*T*log(T) -0.00086925*T*T -3.31582e-08*T*T*T +51878.5/T", {"error": 103.1}],
    "H-H298.15 (J/mol-atom)": [" -7804.68 +24.8738*T +0.00086925*T*T +6.63164e-08*T*T*T +103757/T", {"error": 103.1}],
    "S (J/mol-atom/K)": [" -108.937 +24.8738*log(T) +0.0017385*T +9.94746e-08*T*T +51878.5/T/T", {"error": 0.0}],
    "T": [297.81, 2000.0]
}
