{
    "Cp (J/mol-atom/K)": [" +24.9946 +0.00144596*T +3.49711e-07*T*T -109290/T/T", {"error": 0.01}],
    "G-H298.15 (J/mol-atom)": [" -7872.96 +134.564*T -24.9946*T*log(T) -0.000722979*T*T -5.82852e-08*T*T*T +54645.2/T", {"error": 10.24}],
    "H-H298.15 (J/mol-atom)": [" -7872.96 +24.9946*T +0.000722979*T*T +1.1657e-07*T*T*T +109290/T", {"error": 10.24}],
    "S (J/mol-atom/K)": [" -109.569 +24.9946*log(T) +0.00144596*T +1.74855e-07*T*T +54645.2/T/T", {"error": 0.0}],
    "T": [297.81, 2000.0]
}
