{
    "Cp (J/mol-atom/K)": [" +25.01 +0.00142359*T +3.57254e-07*T*T -110289/T/T", {"error": 0.01}],
    "G-H298.15 (J/mol-atom)": [" -7878.18 +134.666*T -25.01*T*log(T) -0.000711796*T*T -5.95424e-08*T*T*T +55144.5/T", {"error": 10.82}],
    "H-H298.15 (J/mol-atom)": [" -7878.18 +25.01*T +0.000711796*T*T +1.19085e-07*T*T*T +110289/T", {"error": 10.82}],
    "S (J/mol-atom/K)": [" -109.656 +25.01*log(T) +0.00142359*T +1.78627e-07*T*T +55144.5/T/T", {"error": 0.0}],
    "T": [290.0, 2000.0]
}
