{
    "Cp (J/mol-atom/K)": [" +23.0767 +0.0030756*T -5.17016e-07*T*T -624399/T/T", {"error": 0.05}],
    "G-H298.15 (J/mol-atom)": [" -9114.82 +146.936*T -23.0767*T*log(T) -0.0015378*T*T +8.61693e-08*T*T*T +312200/T", {"error": 7.18}],
    "H-H298.15 (J/mol-atom)": [" -9114.82 +23.0767*T +0.0015378*T*T -1.72339e-07*T*T*T +624399/T", {"error": 7.18}],
    "S (J/mol-atom/K)": [" -123.859 +23.0767*log(T) +0.0030756*T -2.58508e-07*T*T +312200/T/T", {"error": 0.01}],
    "T": [290.0, 2000.0]
}
