{
    "Cp (J/mol-atom/K)": [" +12.6441 +0.0452549*T -2.16697e-05*T*T -190506/T/T", {"error": 2.69}],
    "G-H298.15 (J/mol-atom)": [" -8096.11 +67.7964*T -12.6441*T*log(T) -0.0226274*T*T +3.61162e-06*T*T*T +95253.2/T", {"error": 1533.77}],
    "H-H298.15 (J/mol-atom)": [" -8096.11 +12.6441*T +0.0226274*T*T -7.22324e-06*T*T*T +190506/T", {"error": 1533.77}],
    "S (J/mol-atom/K)": [" -55.1522 +12.6441*log(T) +0.0452549*T -1.08349e-05*T*T +95253.2/T/T", {"error": 1.76}],
    "T": [297.81, 1729.94]
}
