{
    "Cp (J/mol-atom/K)": [" +33.4204 -0.014595*T +1.14355e-05*T*T -543150/T/T", {"error": 0.43}],
    "G-H298.15 (J/mol-atom)": [" -11258.4 +190.225*T -33.4204*T*log(T) +0.00729752*T*T -1.90592e-06*T*T*T +271575/T", {"error": 231.77}],
    "H-H298.15 (J/mol-atom)": [" -11258.4 +33.4204*T -0.00729752*T*T +3.81183e-06*T*T*T +543150/T", {"error": 231.77}],
    "S (J/mol-atom/K)": [" -156.804 +33.4204*log(T) -0.014595*T +5.71775e-06*T*T +271575/T/T", {"error": 0.22}],
    "T": [297.81, 1938.3]
}
