{
    "Cp (J/mol-atom/K)": [" +34.1966 -0.0157696*T +1.18543e-05*T*T -592446/T/T", {"error": 0.45}],
    "G-H298.15 (J/mol-atom)": [" -11597.3 +195.373*T -34.1966*T*log(T) +0.0078848*T*T -1.97572e-06*T*T*T +296223/T", {"error": 254.76}],
    "H-H298.15 (J/mol-atom)": [" -11597.3 +34.1966*T -0.0078848*T*T +3.95143e-06*T*T*T +592446/T", {"error": 254.76}],
    "S (J/mol-atom/K)": [" -161.176 +34.1966*log(T) -0.0157696*T +5.92715e-06*T*T +296223/T/T", {"error": 0.23}],
    "T": [290.0, 1940.0]
}
