{
    "Cp (J/mol-atom/K)": [" +33.1511 -0.014069*T +1.11589e-05*T*T -529453/T/T", {"error": 0.41}],
    "G-H298.15 (J/mol-atom)": [" -11219.8 +188.5*T -33.1511*T*log(T) +0.00703451*T*T -1.85982e-06*T*T*T +264726/T", {"error": 227.6}],
    "H-H298.15 (J/mol-atom)": [" -11219.8 +33.1511*T -0.00703451*T*T +3.71965e-06*T*T*T +529453/T", {"error": 227.6}],
    "S (J/mol-atom/K)": [" -155.349 +33.1511*log(T) -0.014069*T +5.57947e-06*T*T +264726/T/T", {"error": 0.22}],
    "T": [297.81, 1938.3]
}
