{
    "Cp (J/mol-atom/K)": [" +29.1583 -0.00668114*T +7.83418e-06*T*T -307426/T/T", {"error": 0.14}],
    "G-H298.15 (J/mol-atom)": [" -9555.43 +162.548*T -29.1583*T*log(T) +0.00334057*T*T -1.3057e-06*T*T*T +153713/T", {"error": 42.73}],
    "H-H298.15 (J/mol-atom)": [" -9555.43 +29.1583*T -0.00334057*T*T +2.61139e-06*T*T*T +307426/T", {"error": 42.73}],
    "S (J/mol-atom/K)": [" -133.39 +29.1583*log(T) -0.00668114*T +3.91709e-06*T*T +153713/T/T", {"error": 0.19}],
    "T": [297.81, 1672.59]
}
