{
    "Cp (J/mol-atom/K)": [" +37.719 -0.0241617*T +1.64549e-05*T*T -735120/T/T", {"error": 0.74}],
    "G-H298.15 (J/mol-atom)": [" -12893.6 +217.473*T -37.719*T*log(T) +0.0120809*T*T -2.74248e-06*T*T*T +367560/T", {"error": 146.88}],
    "H-H298.15 (J/mol-atom)": [" -12893.6 +37.719*T -0.0120809*T*T +5.48495e-06*T*T*T +735120/T", {"error": 146.88}],
    "S (J/mol-atom/K)": [" -179.754 +37.719*log(T) -0.0241617*T +8.22743e-06*T*T +367560/T/T", {"error": 0.2}],
    "T": [297.81, 1701.14]
}
