{
    "Cp (J/mol-atom/K)": [" +27.1509 +0.00979554*T -4.921e-06*T*T -693470/T/T", {"error": 1.98}],
    "G-H298.15 (J/mol-atom)": [" -10867.8 +155.903*T -27.1509*T*log(T) -0.00489777*T*T +8.20167e-07*T*T*T +346735/T", {"error": 238.58}],
    "H-H298.15 (J/mol-atom)": [" -10867.8 +27.1509*T +0.00489777*T*T -1.64033e-06*T*T*T +693470/T", {"error": 238.58}],
    "S (J/mol-atom/K)": [" -128.752 +27.1509*log(T) +0.00979554*T -2.4605e-06*T*T +346735/T/T", {"error": 0.29}],
    "T": [297.81, 1907.81]
}
