{
    "Cp (J/mol-atom/K)": [" +4.87781 +5.27228e-05*T +2.05747e-08*T*T -78665.5/T/T", {"error": 0.01}],
    "G-H298.15 (J/mol-atom)": [" -1731.96 +28.2212*T -4.87781*T*log(T) -2.63614e-05*T*T -3.42911e-09*T*T*T +39332.7/T", {"error": 10.93}],
    "H-H298.15 (J/mol-atom)": [" -1731.96 +4.87781*T +2.63614e-05*T*T +6.85822e-09*T*T*T +78665.5/T", {"error": 10.93}],
    "S (J/mol-atom/K)": [" -23.3434 +4.87781*log(T) +5.27228e-05*T +1.02873e-08*T*T +39332.7/T/T", {"error": 0.0}],
    "T": [297.81, 2000.0]
}
