{
    "Cp (J/mol-atom/K)": [" +24.813 +0.00511264*T +1.43336e-06*T*T -115285/T/T", {"error": 0.05}],
    "G-H298.15 (J/mol-atom)": [" -8117.8 +135.145*T -24.813*T*log(T) -0.00255632*T*T -2.38893e-07*T*T*T +57642.5/T", {"error": 98.57}],
    "H-H298.15 (J/mol-atom)": [" -8117.8 +24.813*T +0.00255632*T*T +4.77785e-07*T*T*T +115285/T", {"error": 98.57}],
    "S (J/mol-atom/K)": [" -110.332 +24.813*log(T) +0.00511264*T +7.16678e-07*T*T +57642.5/T/T", {"error": 0.03}],
    "T": [290.01, 2119.5]
}
