{
    "Cp (J/mol-atom/K)": [" +25.5046 +0.0035652*T +2.46407e-06*T*T -148065/T/T", {"error": 0.06}],
    "G-H298.15 (J/mol-atom)": [" -8306.75 +139.586*T -25.5046*T*log(T) -0.0017826*T*T -4.10678e-07*T*T*T +74032.3/T", {"error": 17.19}],
    "H-H298.15 (J/mol-atom)": [" -8306.75 +25.5046*T +0.0017826*T*T +8.21355e-07*T*T*T +148065/T", {"error": 17.19}],
    "S (J/mol-atom/K)": [" -114.081 +25.5046*log(T) +0.0035652*T +1.23203e-06*T*T +74032.3/T/T", {"error": 0.02}],
    "T": [290.0, 2000.0]
}
