{
    "Cp (J/mol-atom/K)": [" +24.4551 +0.00575572*T +1.15682e-06*T*T -95069.8/T/T", {"error": 0.02}],
    "G-H298.15 (J/mol-atom)": [" -7979.08 +132.82*T -24.4551*T*log(T) -0.00287786*T*T -1.92803e-07*T*T*T +47534.9/T", {"error": 99.63}],
    "H-H298.15 (J/mol-atom)": [" -7979.08 +24.4551*T +0.00287786*T*T +3.85606e-07*T*T*T +95069.8/T", {"error": 99.63}],
    "S (J/mol-atom/K)": [" -108.365 +24.4551*log(T) +0.00575572*T +5.78409e-07*T*T +47534.9/T/T", {"error": 0.02}],
    "T": [297.81, 1877.56]
}
