{
    "Cp (J/mol-atom/K)": [" +10.9849 +0.0156332*T -4.48082e-06*T*T -873526/T/T", {"error": 0.3}],
    "G-H298.15 (J/mol-atom)": [" -6893.9 +80.4862*T -10.9849*T*log(T) -0.00781658*T*T +7.46804e-07*T*T*T +436763/T", {"error": 82.37}],
    "H-H298.15 (J/mol-atom)": [" -6893.9 +10.9849*T +0.00781658*T*T -1.49361e-06*T*T*T +873526/T", {"error": 82.37}],
    "S (J/mol-atom/K)": [" -69.5013 +10.9849*log(T) +0.0156332*T -2.24041e-06*T*T +436763/T/T", {"error": 0.05}],
    "T": [297.81, 2000.0]
}
