{
    "Cp (J/mol-atom/K)": [" +10.985 +0.0156333*T -4.4809e-06*T*T -873528/T/T", {"error": 0.3}],
    "G-H298.15 (J/mol-atom)": [" -6893.37 +80.4864*T -10.985*T*log(T) -0.00781663*T*T +7.46816e-07*T*T*T +436764/T", {"error": 81.66}],
    "H-H298.15 (J/mol-atom)": [" -6893.37 +10.985*T +0.00781663*T*T -1.49363e-06*T*T*T +873528/T", {"error": 81.66}],
    "S (J/mol-atom/K)": [" -69.5014 +10.985*log(T) +0.0156333*T -2.24045e-06*T*T +436764/T/T", {"error": 0.05}],
    "T": [297.81, 2000.0]
}
