{
    "Cp (J/mol-atom/K)": [" +11.5147 +0.0148556*T -4.19057e-06*T*T -901232/T/T", {"error": 0.29}],
    "G-H298.15 (J/mol-atom)": [" -7094.59 +84.0043*T -11.5147*T*log(T) -0.00742778*T*T +6.98429e-07*T*T*T +450616/T", {"error": 39.98}],
    "H-H298.15 (J/mol-atom)": [" -7094.59 +11.5147*T +0.00742778*T*T -1.39686e-06*T*T*T +901232/T", {"error": 39.98}],
    "S (J/mol-atom/K)": [" -72.4896 +11.5147*log(T) +0.0148556*T -2.09529e-06*T*T +450616/T/T", {"error": 0.05}],
    "T": [290.0, 2000.0]
}
