{
    "Cp (J/mol-atom/K)": [" +5.46975 +0.00778358*T -2.26608e-06*T*T -436489/T/T", {"error": 0.15}],
    "G-H298.15 (J/mol-atom)": [" -3422.52 +40.0907*T -5.46975*T*log(T) -0.00389179*T*T +3.77679e-07*T*T*T +218244/T", {"error": 21.39}],
    "H-H298.15 (J/mol-atom)": [" -3422.52 +5.46975*T +0.00389179*T*T -7.55359e-07*T*T*T +436489/T", {"error": 21.39}],
    "S (J/mol-atom/K)": [" -34.621 +5.46975*log(T) +0.00778358*T -1.13304e-06*T*T +218244/T/T", {"error": 0.03}],
    "T": [297.81, 2000.0]
}
