{
    "Cp (J/mol-atom/K)": [" +5.47014 +0.00778296*T -2.26659e-06*T*T -436514/T/T", {"error": 0.15}],
    "G-H298.15 (J/mol-atom)": [" -3385.38 +40.0932*T -5.47014*T*log(T) -0.00389148*T*T +3.77765e-07*T*T*T +218257/T", {"error": 34.93}],
    "H-H298.15 (J/mol-atom)": [" -3385.38 +5.47014*T +0.00389148*T*T -7.55531e-07*T*T*T +436514/T", {"error": 34.93}],
    "S (J/mol-atom/K)": [" -34.623 +5.47014*log(T) +0.00778296*T -1.1333e-06*T*T +218257/T/T", {"error": 0.03}],
    "T": [297.81, 2000.0]
}
