{
    "Cp (J/mol-atom/K)": [" +11.002 +0.0155985*T -4.4676e-06*T*T -874339/T/T", {"error": 0.3}],
    "G-H298.15 (J/mol-atom)": [" -6897.63 +80.5932*T -11.002*T*log(T) -0.00779923*T*T +7.446e-07*T*T*T +437169/T", {"error": 80.23}],
    "H-H298.15 (J/mol-atom)": [" -6897.63 +11.002*T +0.00779923*T*T -1.4892e-06*T*T*T +874339/T", {"error": 80.23}],
    "S (J/mol-atom/K)": [" -69.5912 +11.002*log(T) +0.0155985*T -2.2338e-06*T*T +437169/T/T", {"error": 0.05}],
    "T": [297.81, 2000.0]
}
