{
    "Cp (J/mol-atom/K)": [" +11.0001 +0.0156676*T -4.48842e-06*T*T -874884/T/T", {"error": 0.3}],
    "G-H298.15 (J/mol-atom)": [" -6874.88 +80.6011*T -11.0001*T*log(T) -0.00783381*T*T +7.4807e-07*T*T*T +437442/T", {"error": 42.68}],
    "H-H298.15 (J/mol-atom)": [" -6874.88 +11.0001*T +0.00783381*T*T -1.49614e-06*T*T*T +874884/T", {"error": 42.68}],
    "S (J/mol-atom/K)": [" -69.601 +11.0001*log(T) +0.0156676*T -2.24421e-06*T*T +437442/T/T", {"error": 0.05}],
    "T": [297.81, 2000.0]
}
