{
    "Cp (J/mol-atom/K)": [" +11.0021 +0.0155984*T -4.46761e-06*T*T -874334/T/T", {"error": 0.3}],
    "G-H298.15 (J/mol-atom)": [" -6897.64 +80.5936*T -11.0021*T*log(T) -0.00779922*T*T +7.44602e-07*T*T*T +437167/T", {"error": 80.23}],
    "H-H298.15 (J/mol-atom)": [" -6897.64 +11.0021*T +0.00779922*T*T -1.4892e-06*T*T*T +874334/T", {"error": 80.23}],
    "S (J/mol-atom/K)": [" -69.5915 +11.0021*log(T) +0.0155984*T -2.23381e-06*T*T +437167/T/T", {"error": 0.05}],
    "T": [297.81, 2000.0]
}
