{
    "Cp (J/mol-atom/K)": [" +52.5553 -0.0648078*T +4.79962e-05*T*T -1.26947e+06/T/T", {"error": 0.8}],
    "G-H298.15 (J/mol-atom)": [" -17472.4 +313.267*T -52.5553*T*log(T) +0.0324039*T*T -7.99936e-06*T*T*T +634737/T", {"error": 66.05}],
    "H-H298.15 (J/mol-atom)": [" -17472.4 +52.5553*T -0.0324039*T*T +1.59987e-05*T*T*T +1.26947e+06/T", {"error": 66.05}],
    "S (J/mol-atom/K)": [" -260.712 +52.5553*log(T) -0.0648078*T +2.39981e-05*T*T +634737/T/T", {"error": 0.08}],
    "T": [290.0, 1260.0]
}
