{
    "Cp (J/mol-atom/K)": [" +49.3664 -0.0578508*T +4.42118e-05*T*T -1.13276e+06/T/T", {"error": 0.68}],
    "G-H298.15 (J/mol-atom)": [" -16393.6 +293.013*T -49.3664*T*log(T) +0.0289254*T*T -7.36863e-06*T*T*T +566380/T", {"error": 64.5}],
    "H-H298.15 (J/mol-atom)": [" -16393.6 +49.3664*T -0.0289254*T*T +1.47373e-05*T*T*T +1.13276e+06/T", {"error": 64.5}],
    "S (J/mol-atom/K)": [" -243.647 +49.3664*log(T) -0.0578508*T +2.21059e-05*T*T +566380/T/T", {"error": 0.07}],
    "T": [297.81, 1248.56]
}
