{
    "Cp (J/mol-atom/K)": [" +49.5601 -0.0582808*T +4.43984e-05*T*T -1.14113e+06/T/T", {"error": 0.69}],
    "G-H298.15 (J/mol-atom)": [" -16398.2 +294.234*T -49.5601*T*log(T) +0.0291404*T*T -7.39974e-06*T*T*T +570566/T", {"error": 57.45}],
    "H-H298.15 (J/mol-atom)": [" -16398.2 +49.5601*T -0.0291404*T*T +1.47995e-05*T*T*T +1.14113e+06/T", {"error": 57.45}],
    "S (J/mol-atom/K)": [" -244.674 +49.5601*log(T) -0.0582808*T +2.21992e-05*T*T +570566/T/T", {"error": 0.07}],
    "T": [297.81, 1248.56]
}
