{
    "Cp (J/mol-atom/K)": [" +42.9066 -0.0418849*T +3.38948e-05*T*T -876194/T/T", {"error": 0.95}],
    "G-H298.15 (J/mol-atom)": [" -14202.8 +252.606*T -42.9066*T*log(T) +0.0209425*T*T -5.64913e-06*T*T*T +438097/T", {"error": 36.68}],
    "H-H298.15 (J/mol-atom)": [" -14202.8 +42.9066*T -0.0209425*T*T +1.12983e-05*T*T*T +876194/T", {"error": 36.68}],
    "S (J/mol-atom/K)": [" -209.7 +42.9066*log(T) -0.0418849*T +1.69474e-05*T*T +438097/T/T", {"error": 0.05}],
    "T": [297.81, 1175.94]
}
