{
    "Cp (J/mol-atom/K)": [" +49.1973 -0.0574109*T +4.38637e-05*T*T -1.12637e+06/T/T", {"error": 0.67}],
    "G-H298.15 (J/mol-atom)": [" -16323.5 +291.958*T -49.1973*T*log(T) +0.0287054*T*T -7.31062e-06*T*T*T +563187/T", {"error": 59.16}],
    "H-H298.15 (J/mol-atom)": [" -16323.5 +49.1973*T -0.0287054*T*T +1.46212e-05*T*T*T +1.12637e+06/T", {"error": 59.16}],
    "S (J/mol-atom/K)": [" -242.761 +49.1973*log(T) -0.0574109*T +2.19318e-05*T*T +563187/T/T", {"error": 0.07}],
    "T": [297.81, 1248.56]
}
