{
    "Cp (J/mol-atom/K)": [" +34.285 -0.0209811*T +2.07679e-05*T*T -530220/T/T", {"error": 0.73}],
    "G-H298.15 (J/mol-atom)": [" -11287.3 +198.548*T -34.285*T*log(T) +0.0104906*T*T -3.46132e-06*T*T*T +265110/T", {"error": 48.01}],
    "H-H298.15 (J/mol-atom)": [" -11287.3 +34.285*T -0.0104906*T*T +6.92265e-06*T*T*T +530220/T", {"error": 48.01}],
    "S (J/mol-atom/K)": [" -164.263 +34.285*log(T) -0.0209811*T +1.0384e-05*T*T +265110/T/T", {"error": 0.04}],
    "T": [297.81, 1175.94]
}
