{
    "Cp (J/mol-atom/K)": [" +25.8993 +0.000299706*T +2.23238e-06*T*T -96224/T/T", {"error": 0.03}],
    "G-H298.15 (J/mol-atom)": [" -8096.57 +129.52*T -25.8993*T*log(T) -0.000149853*T*T -3.72064e-07*T*T*T +48112/T", {"error": 50.14}],
    "H-H298.15 (J/mol-atom)": [" -8096.57 +25.8993*T +0.000149853*T*T +7.44127e-07*T*T*T +96224/T", {"error": 50.14}],
    "S (J/mol-atom/K)": [" -103.621 +25.8993*log(T) +0.000299706*T +1.11619e-06*T*T +48112/T/T", {"error": 0.01}],
    "T": [297.81, 2000.0]
}
