{
    "Cp (J/mol-atom/K)": [" +24.3136 +0.00325114*T +1.00468e-06*T*T -10023.4/T/T", {"error": 0.05}],
    "G-H298.15 (J/mol-atom)": [" -7513.89 +119.261*T -24.3136*T*log(T) -0.00162557*T*T -1.67447e-07*T*T*T +5011.72/T", {"error": 104.5}],
    "H-H298.15 (J/mol-atom)": [" -7513.89 +24.3136*T +0.00162557*T*T +3.34894e-07*T*T*T +10023.4/T", {"error": 104.5}],
    "S (J/mol-atom/K)": [" -94.9476 +24.3136*log(T) +0.00325114*T +5.02341e-07*T*T +5011.72/T/T", {"error": 0.05}],
    "T": [297.81, 2000.0]
}
