{
    "Cp (J/mol-atom/K)": [" +25.5244 +0.00108353*T +1.82639e-06*T*T -77080.7/T/T", {"error": 0.02}],
    "G-H298.15 (J/mol-atom)": [" -7945.03 +127.089*T -25.5244*T*log(T) -0.000541766*T*T -3.04398e-07*T*T*T +38540.3/T", {"error": 51.01}],
    "H-H298.15 (J/mol-atom)": [" -7945.03 +25.5244*T +0.000541766*T*T +6.08797e-07*T*T*T +77080.7/T", {"error": 51.01}],
    "S (J/mol-atom/K)": [" -101.565 +25.5244*log(T) +0.00108353*T +9.13195e-07*T*T +38540.3/T/T", {"error": 0.01}],
    "T": [297.81, 2000.0]
}
