{
    "Cp (J/mol-atom/K)": [" +25.5898 +0.000960519*T +1.88721e-06*T*T -80498.5/T/T", {"error": 0.02}],
    "G-H298.15 (J/mol-atom)": [" -7945.38 +127.507*T -25.5898*T*log(T) -0.00048026*T*T -3.14535e-07*T*T*T +40249.3/T", {"error": 26.12}],
    "H-H298.15 (J/mol-atom)": [" -7945.38 +25.5898*T +0.00048026*T*T +6.2907e-07*T*T*T +80498.5/T", {"error": 26.12}],
    "S (J/mol-atom/K)": [" -101.917 +25.5898*log(T) +0.000960519*T +9.43605e-07*T*T +40249.3/T/T", {"error": 0.02}],
    "T": [290.0, 2000.0]
}
