{
    "Cp (J/mol-atom/K)": [" +12.7909 +0.00116397*T +1.12846e-06*T*T -42521.8/T/T", {"error": 0.01}],
    "G-H298.15 (J/mol-atom)": [" -3971.75 +63.7671*T -12.7909*T*log(T) -0.000581984*T*T -1.88077e-07*T*T*T +21260.9/T", {"error": 36.41}],
    "H-H298.15 (J/mol-atom)": [" -3971.75 +12.7909*T +0.000581984*T*T +3.76153e-07*T*T*T +42521.8/T", {"error": 36.41}],
    "S (J/mol-atom/K)": [" -50.9762 +12.7909*log(T) +0.00116397*T +5.6423e-07*T*T +21260.9/T/T", {"error": 0.0}],
    "T": [297.81, 2000.0]
}
