{
    "Cp (J/mol-atom/K)": [" +25.3034 +0.00149892*T +1.63374e-06*T*T -65236.5/T/T", {"error": 0.01}],
    "G-H298.15 (J/mol-atom)": [" -7858.25 +125.663*T -25.3034*T*log(T) -0.00074946*T*T -2.72289e-07*T*T*T +32618.3/T", {"error": 52.36}],
    "H-H298.15 (J/mol-atom)": [" -7858.25 +25.3034*T +0.00074946*T*T +5.44579e-07*T*T*T +65236.5/T", {"error": 52.36}],
    "S (J/mol-atom/K)": [" -100.359 +25.3034*log(T) +0.00149892*T +8.16868e-07*T*T +32618.3/T/T", {"error": 0.01}],
    "T": [297.81, 1560.78]
}
