{
    "Cp (J/mol-atom/K)": [" +25.5525 +0.0010187*T +1.86584e-06*T*T -78356.7/T/T", {"error": 0.02}],
    "G-H298.15 (J/mol-atom)": [" -7932.85 +127.263*T -25.5525*T*log(T) -0.00050935*T*T -3.10973e-07*T*T*T +39178.4/T", {"error": 23.4}],
    "H-H298.15 (J/mol-atom)": [" -7932.85 +25.5525*T +0.00050935*T*T +6.21946e-07*T*T*T +78356.7/T", {"error": 23.4}],
    "S (J/mol-atom/K)": [" -101.71 +25.5525*log(T) +0.0010187*T +9.32919e-07*T*T +39178.4/T/T", {"error": 0.02}],
    "T": [297.81, 2000.0]
}
