{
    "Cp (J/mol-atom/K)": [" +12.712 +0.00133319*T +1.03373e-06*T*T -38638.2/T/T", {"error": 0.01}],
    "G-H298.15 (J/mol-atom)": [" -3990.76 +63.2625*T -12.712*T*log(T) -0.000666594*T*T -1.72288e-07*T*T*T +19319.1/T", {"error": 2.73}],
    "H-H298.15 (J/mol-atom)": [" -3990.76 +12.712*T +0.000666594*T*T +3.44576e-07*T*T*T +38638.2/T", {"error": 2.73}],
    "S (J/mol-atom/K)": [" -50.5505 +12.712*log(T) +0.00133319*T +5.16863e-07*T*T +19319.1/T/T", {"error": 0.0}],
    "T": [297.81, 2000.0]
}
