{
    "Cp (J/mol-atom/K)": [" +28.0674 -0.00188964*T +3.44528e-06*T*T -201920/T/T", {"error": 0.19}],
    "G-H298.15 (J/mol-atom)": [" -8998.25 +139.278*T -28.0674*T*log(T) +0.000944818*T*T -5.74213e-07*T*T*T +100960/T", {"error": 64.21}],
    "H-H298.15 (J/mol-atom)": [" -8998.25 +28.0674*T -0.000944818*T*T +1.14843e-06*T*T*T +201920/T", {"error": 64.21}],
    "S (J/mol-atom/K)": [" -111.21 +28.0674*log(T) -0.00188964*T +1.72264e-06*T*T +100960/T/T", {"error": 0.05}],
    "T": [290.0, 2000.0]
}
