{
    "Cp (J/mol-atom/K)": [" +14.8497 +0.0211646*T -5.72822e-06*T*T +553954/T/T", {"error": 0.78}],
    "G-H298.15 (J/mol-atom)": [" -3427.08 +52.9115*T -14.8497*T*log(T) -0.0105823*T*T +9.54704e-07*T*T*T -276977/T", {"error": 125.03}],
    "H-H298.15 (J/mol-atom)": [" -3427.08 +14.8497*T +0.0105823*T*T -1.90941e-06*T*T*T -553954/T", {"error": 125.03}],
    "S (J/mol-atom/K)": [" -38.0618 +14.8497*log(T) +0.0211646*T -2.86411e-06*T*T -276977/T/T", {"error": 0.11}],
    "T": [297.81, 2000.0]
}
