{
    "Cp (J/mol-atom/K)": [" +27.7647 -0.0014477*T +3.29435e-06*T*T -181833/T/T", {"error": 0.18}],
    "G-H298.15 (J/mol-atom)": [" -8860.19 +137.251*T -27.7647*T*log(T) +0.000723851*T*T -5.49059e-07*T*T*T +90916.4/T", {"error": 52.84}],
    "H-H298.15 (J/mol-atom)": [" -8860.19 +27.7647*T -0.000723851*T*T +1.09812e-06*T*T*T +181833/T", {"error": 52.84}],
    "S (J/mol-atom/K)": [" -109.487 +27.7647*log(T) -0.0014477*T +1.64718e-06*T*T +90916.4/T/T", {"error": 0.04}],
    "T": [297.81, 2000.0]
}
