{
    "Cp (J/mol-atom/K)": [" +11.6767 +0.0259384*T -6.92317e-06*T*T +760393/T/T", {"error": 1.01}],
    "G-H298.15 (J/mol-atom)": [" -2515.73 +32.1835*T -11.6767*T*log(T) -0.0129692*T*T +1.15386e-06*T*T*T -380197/T", {"error": 784.8}],
    "H-H298.15 (J/mol-atom)": [" -2515.73 +11.6767*T +0.0129692*T*T -2.30772e-06*T*T*T -760393/T", {"error": 784.8}],
    "S (J/mol-atom/K)": [" -20.5068 +11.6767*log(T) +0.0259384*T -3.46158e-06*T*T -380197/T/T", {"error": 0.57}],
    "T": [297.81, 2000.0]
}
