{
    "Cp (J/mol-atom/K)": [" +25.1415 +0.00354*T +9.67264e-07*T*T -39532/T/T", {"error": 0.01}],
    "G-H298.15 (J/mol-atom)": [" -7774.69 +120.277*T -25.1415*T*log(T) -0.00177*T*T -1.61211e-07*T*T*T +19766/T", {"error": 48.13}],
    "H-H298.15 (J/mol-atom)": [" -7774.69 +25.1415*T +0.00177*T*T +3.22421e-07*T*T*T +39532/T", {"error": 48.13}],
    "S (J/mol-atom/K)": [" -95.135 +25.1415*log(T) +0.00354*T +4.83632e-07*T*T +19766/T/T", {"error": 0.03}],
    "T": [297.81, 1400.32]
}
