{
    "Cp (J/mol-atom/K)": [" +26.133 +0.00176963*T +1.64909e-06*T*T -96088.9/T/T", {"error": 0.08}],
    "G-H298.15 (J/mol-atom)": [" -8231.83 +126.678*T -26.133*T*log(T) -0.000884817*T*T -2.74849e-07*T*T*T +48044.5/T", {"error": 70.11}],
    "H-H298.15 (J/mol-atom)": [" -8231.83 +26.133*T +0.000884817*T*T +5.49698e-07*T*T*T +96088.9/T", {"error": 70.11}],
    "S (J/mol-atom/K)": [" -100.544 +26.133*log(T) +0.00176963*T +8.24547e-07*T*T +48044.5/T/T", {"error": 0.05}],
    "T": [297.81, 2000.0]
}
