{
    "Cp (J/mol-atom/K)": [" +27.6175 -0.00116069*T +3.15961e-06*T*T -173975/T/T", {"error": 0.17}],
    "G-H298.15 (J/mol-atom)": [" -8799.22 +136.302*T -27.6175*T*log(T) +0.000580346*T*T -5.26602e-07*T*T*T +86987.6/T", {"error": 60.85}],
    "H-H298.15 (J/mol-atom)": [" -8799.22 +27.6175*T -0.000580346*T*T +1.0532e-06*T*T*T +173975/T", {"error": 60.85}],
    "S (J/mol-atom/K)": [" -108.685 +27.6175*log(T) -0.00116069*T +1.57981e-06*T*T +86987.6/T/T", {"error": 0.04}],
    "T": [297.81, 2000.0]
}
