{
    "Cp (J/mol-atom/K)": [" +24.445 +0.000773946*T +3.31472e-08*T*T -356995/T/T", {"error": 0.03}],
    "G-H298.15 (J/mol-atom)": [" -8131.68 +139.269*T -24.445*T*log(T) -0.000386973*T*T -5.52454e-09*T*T*T +178498/T", {"error": 189.49}],
    "H-H298.15 (J/mol-atom)": [" -8131.68 +24.445*T +0.000386973*T*T +1.10491e-08*T*T*T +356995/T", {"error": 189.49}],
    "S (J/mol-atom/K)": [" -114.824 +24.445*log(T) +0.000773946*T +1.65736e-08*T*T +178498/T/T", {"error": 0.02}],
    "T": [290.0, 2000.0]
}
