{
    "Cp (J/mol-atom/K)": [" +22.3861 +0.00216227*T -4.51569e-07*T*T -311623/T/T", {"error": 0.03}],
    "G-H298.15 (J/mol-atom)": [" -7880.57 +127.015*T -22.3861*T*log(T) -0.00108113*T*T +7.52616e-08*T*T*T +155811/T", {"error": 91.83}],
    "H-H298.15 (J/mol-atom)": [" -7880.57 +22.3861*T +0.00108113*T*T -1.50523e-07*T*T*T +311623/T", {"error": 91.83}],
    "S (J/mol-atom/K)": [" -104.629 +22.3861*log(T) +0.00216227*T -2.25785e-07*T*T +155811/T/T", {"error": 0.04}],
    "T": [297.81, 2000.0]
}
