{
    "Cp (J/mol-atom/K)": [" +4.95524 -5.59153e-05*T +7.85467e-08*T*T -74542.7/T/T", {"error": 0.01}],
    "G-H298.15 (J/mol-atom)": [" -1621.76 +28.2707*T -4.95524*T*log(T) +2.79577e-05*T*T -1.30911e-08*T*T*T +37271.3/T", {"error": 71.31}],
    "H-H298.15 (J/mol-atom)": [" -1621.76 +4.95524*T -2.79577e-05*T*T +2.61822e-08*T*T*T +74542.7/T", {"error": 71.31}],
    "S (J/mol-atom/K)": [" -23.3155 +4.95524*log(T) -5.59153e-05*T +3.92733e-08*T*T +37271.3/T/T", {"error": 0.0}],
    "T": [297.81, 1877.56]
}
