{
    "Cp (J/mol-atom/K)": [" +24.393 +0.00085703*T +2.50339e-09*T*T -354542/T/T", {"error": 0.03}],
    "G-H298.15 (J/mol-atom)": [" -8157.42 +138.923*T -24.393*T*log(T) -0.000428515*T*T -4.17232e-10*T*T*T +177271/T", {"error": 197.54}],
    "H-H298.15 (J/mol-atom)": [" -8157.42 +24.393*T +0.000428515*T*T +8.34463e-10*T*T*T +354542/T", {"error": 197.54}],
    "S (J/mol-atom/K)": [" -114.53 +24.393*log(T) +0.00085703*T +1.25169e-09*T*T +177271/T/T", {"error": 0.02}],
    "T": [297.81, 2000.0]
}
