{
    "Cp (J/mol-atom/K)": [" +22.3602 +0.00223168*T -4.84169e-07*T*T -311757/T/T", {"error": 0.03}],
    "G-H298.15 (J/mol-atom)": [" -7816.6 +126.855*T -22.3602*T*log(T) -0.00111584*T*T +8.06949e-08*T*T*T +155879/T", {"error": 53.51}],
    "H-H298.15 (J/mol-atom)": [" -7816.6 +22.3602*T +0.00111584*T*T -1.6139e-07*T*T*T +311757/T", {"error": 53.51}],
    "S (J/mol-atom/K)": [" -104.495 +22.3602*log(T) +0.00223168*T -2.42085e-07*T*T +155879/T/T", {"error": 0.06}],
    "T": [297.81, 2000.0]
}
