{
    "Cp (J/mol-atom/K)": [" +19.6272 +0.00836617*T -2.65789e-06*T*T -203093/T/T", {"error": 0.08}],
    "G-H298.15 (J/mol-atom)": [" -7498.4 +110.299*T -19.6272*T*log(T) -0.00418308*T*T +4.42981e-07*T*T*T +101547/T", {"error": 571.29}],
    "H-H298.15 (J/mol-atom)": [" -7498.4 +19.6272*T +0.00418308*T*T -8.85962e-07*T*T*T +203093/T", {"error": 571.29}],
    "S (J/mol-atom/K)": [" -90.6715 +19.6272*log(T) +0.00836617*T -1.32894e-06*T*T +101547/T/T", {"error": 0.48}],
    "T": [297.81, 2000.0]
}
