{
    "Cp (J/mol-atom/K)": [" +4.8239 +0.00021567*T -6.3418e-08*T*T -68052.6/T/T", {"error": 0.0}],
    "G-H298.15 (J/mol-atom)": [" -1571.53 +27.429*T -4.8239*T*log(T) -0.000107835*T*T +1.05697e-08*T*T*T +34026.3/T", {"error": 71.43}],
    "H-H298.15 (J/mol-atom)": [" -1571.53 +4.8239*T +0.000107835*T*T -2.11393e-08*T*T*T +68052.6/T", {"error": 71.43}],
    "S (J/mol-atom/K)": [" -22.6051 +4.8239*log(T) +0.00021567*T -3.1709e-08*T*T +34026.3/T/T", {"error": 0.0}],
    "T": [297.81, 1877.56]
}
