{
    "Cp (J/mol-atom/K)": [" +22.3534 +0.0022351*T -4.86177e-07*T*T -311248/T/T", {"error": 0.03}],
    "G-H298.15 (J/mol-atom)": [" -7857.76 +126.807*T -22.3534*T*log(T) -0.00111755*T*T +8.10296e-08*T*T*T +155624/T", {"error": 107.84}],
    "H-H298.15 (J/mol-atom)": [" -7857.76 +22.3534*T +0.00111755*T*T -1.62059e-07*T*T*T +311248/T", {"error": 107.84}],
    "S (J/mol-atom/K)": [" -104.453 +22.3534*log(T) +0.0022351*T -2.43089e-07*T*T +155624/T/T", {"error": 0.06}],
    "T": [297.81, 2000.0]
}
