{
    "Cp (J/mol-atom/K)": [" +2.11671 +0.00060347*T +3.96811e-07*T*T -19723.7/T/T", {"error": 0.01}],
    "G-H298.15 (J/mol-atom)": [" -674.619 +11.5434*T -2.11671*T*log(T) -0.000301735*T*T -6.61352e-08*T*T*T +9861.87/T", {"error": 36.34}],
    "H-H298.15 (J/mol-atom)": [" -674.619 +2.11671*T +0.000301735*T*T +1.3227e-07*T*T*T +19723.7/T", {"error": 36.34}],
    "S (J/mol-atom/K)": [" -9.4267 +2.11671*log(T) +0.00060347*T +1.98406e-07*T*T +9861.87/T/T", {"error": 0.0}],
    "T": [297.81, 2000.0]
}
