{
    "Cp (J/mol-atom/K)": [" +26.4563 -0.00266572*T +4.57581e-06*T*T -116784/T/T", {"error": 0.0}],
    "G-H298.15 (J/mol-atom)": [" -8034.95 +138.939*T -26.4563*T*log(T) +0.00133286*T*T -7.62636e-07*T*T*T +58392/T", {"error": 118.98}],
    "H-H298.15 (J/mol-atom)": [" -8034.95 +26.4563*T -0.00133286*T*T +1.52527e-06*T*T*T +116784/T", {"error": 118.98}],
    "S (J/mol-atom/K)": [" -112.483 +26.4563*log(T) -0.00266572*T +2.28791e-06*T*T +58392/T/T", {"error": 0.09}],
    "T": [297.81, 620.29]
}
