{
    "Cp (J/mol-atom/K)": [" +25.965 -0.00121294*T +3.88005e-06*T*T -102486/T/T", {"error": 0.0}],
    "G-H298.15 (J/mol-atom)": [" -8040.85 +135.985*T -25.965*T*log(T) +0.000606468*T*T -6.46675e-07*T*T*T +51242.9/T", {"error": 15.09}],
    "H-H298.15 (J/mol-atom)": [" -8040.85 +25.965*T -0.000606468*T*T +1.29335e-06*T*T*T +102486/T", {"error": 15.09}],
    "S (J/mol-atom/K)": [" -110.02 +25.965*log(T) -0.00121294*T +1.94003e-06*T*T +51242.9/T/T", {"error": 0.05}],
    "T": [297.81, 504.99]
}
