{
    "Cp (J/mol-atom/K)": [" +26.2288 +0.000673574*T +1.89692e-06*T*T -138211/T/T", {"error": 0.03}],
    "G-H298.15 (J/mol-atom)": [" -8288.43 +138.25*T -26.2288*T*log(T) -0.000336787*T*T -3.16153e-07*T*T*T +69105.4/T", {"error": 102.88}],
    "H-H298.15 (J/mol-atom)": [" -8288.43 +26.2288*T +0.000336787*T*T +6.32306e-07*T*T*T +138211/T", {"error": 102.88}],
    "S (J/mol-atom/K)": [" -112.021 +26.2288*log(T) +0.000673574*T +9.48458e-07*T*T +69105.4/T/T", {"error": 0.1}],
    "T": [297.81, 2000.0]
}
