{
    "Cp (J/mol-atom/K)": [" +25.6388 -0.00243904*T +3.78919e-06*T*T -95646.7/T/T", {"error": 0.0}],
    "G-H298.15 (J/mol-atom)": [" -7866.07 +134.032*T -25.6388*T*log(T) +0.00121952*T*T -6.31531e-07*T*T*T +47823.4/T", {"error": 14.67}],
    "H-H298.15 (J/mol-atom)": [" -7866.07 +25.6388*T -0.00121952*T*T +1.26306e-06*T*T*T +95646.7/T", {"error": 14.67}],
    "S (J/mol-atom/K)": [" -108.393 +25.6388*log(T) -0.00243904*T +1.89459e-06*T*T +47823.4/T/T", {"error": 0.05}],
    "T": [297.81, 504.99]
}
