{
    "Cp (J/mol-atom/K)": [" +2.1452 +0.000547361*T +4.11397e-07*T*T -21406.1/T/T", {"error": 0.0}],
    "G-H298.15 (J/mol-atom)": [" -680.845 +11.7272*T -2.1452*T*log(T) -0.000273681*T*T -6.85662e-08*T*T*T +10703/T", {"error": 41.9}],
    "H-H298.15 (J/mol-atom)": [" -680.845 +2.1452*T +0.000273681*T*T +1.37132e-07*T*T*T +21406.1/T", {"error": 41.9}],
    "S (J/mol-atom/K)": [" -9.58197 +2.1452*log(T) +0.000547361*T +2.05699e-07*T*T +10703/T/T", {"error": 0.0}],
    "T": [297.81, 1877.56]
}
