{
    "Cp (J/mol-atom/K)": [" +26.3215 +0.000526128*T +1.95092e-06*T*T -143849/T/T", {"error": 0.03}],
    "G-H298.15 (J/mol-atom)": [" -8335.07 +138.862*T -26.3215*T*log(T) -0.000263064*T*T -3.25154e-07*T*T*T +71924.5/T", {"error": 112.09}],
    "H-H298.15 (J/mol-atom)": [" -8335.07 +26.3215*T +0.000263064*T*T +6.50308e-07*T*T*T +143849/T", {"error": 112.09}],
    "S (J/mol-atom/K)": [" -112.541 +26.3215*log(T) +0.000526128*T +9.75462e-07*T*T +71924.5/T/T", {"error": 0.1}],
    "T": [290.0, 2000.0]
}
