{
    "Cp (J/mol-atom/K)": [" +124.507 -0.29901*T +0.000249533*T*T -3.01044e+06/T/T", {"error": 1.0}],
    "G-H298.15 (J/mol-atom)": [" -35745.2 +733.732*T -124.507*T*log(T) +0.149505*T*T -4.15888e-05*T*T*T +1.50522e+06/T", {"error": 255.43}],
    "H-H298.15 (J/mol-atom)": [" -35745.2 +124.507*T -0.149505*T*T +8.31776e-05*T*T*T +3.01044e+06/T", {"error": 255.43}],
    "S (J/mol-atom/K)": [" -609.225 +124.507*log(T) -0.29901*T +0.000124766*T*T +1.50522e+06/T/T", {"error": 0.43}],
    "T": [297.81, 785.93]
}
