{
    "Cp (J/mol-atom/K)": [" +24.3628 +0.000670274*T +4.85393e-08*T*T -414382/T/T", {"error": 0.03}],
    "G-H298.15 (J/mol-atom)": [" -8660.05 +146.155*T -24.3628*T*log(T) -0.000335137*T*T -8.08988e-09*T*T*T +207191/T", {"error": 28.62}],
    "H-H298.15 (J/mol-atom)": [" -8660.05 +24.3628*T +0.000335137*T*T +1.61798e-08*T*T*T +414382/T", {"error": 28.62}],
    "S (J/mol-atom/K)": [" -121.792 +24.3628*log(T) +0.000670274*T +2.42696e-08*T*T +207191/T/T", {"error": 0.01}],
    "T": [297.81, 2000.0]
}
