{
    "Cp (J/mol-atom/K)": [" +24.3907 +0.000647202*T +6.47057e-08*T*T -415097/T/T", {"error": 0.02}],
    "G-H298.15 (J/mol-atom)": [" -8684.08 +146.34*T -24.3907*T*log(T) -0.000323601*T*T -1.07843e-08*T*T*T +207549/T", {"error": 6.79}],
    "H-H298.15 (J/mol-atom)": [" -8684.08 +24.3907*T +0.000323601*T*T +2.15686e-08*T*T*T +415097/T", {"error": 6.79}],
    "S (J/mol-atom/K)": [" -121.95 +24.3907*log(T) +0.000647202*T +3.23529e-08*T*T +207549/T/T", {"error": 0.0}],
    "T": [290.0, 2000.0]
}
