{
    "Cp (J/mol-atom/K)": [" +24.3672 +0.000651346*T +5.86225e-08*T*T -414925/T/T", {"error": 0.03}],
    "G-H298.15 (J/mol-atom)": [" -8657.75 +146.194*T -24.3672*T*log(T) -0.000325673*T*T -9.77042e-09*T*T*T +207462/T", {"error": 25.56}],
    "H-H298.15 (J/mol-atom)": [" -8657.75 +24.3672*T +0.000325673*T*T +1.95408e-08*T*T*T +414925/T", {"error": 25.56}],
    "S (J/mol-atom/K)": [" -121.827 +24.3672*log(T) +0.000651346*T +2.93113e-08*T*T +207462/T/T", {"error": 0.0}],
    "T": [297.81, 2000.0]
}
