{
    "Cp (J/mol-atom/K)": [" +24.3224 +0.000779637*T -1.30268e-08*T*T -412799/T/T", {"error": 0.02}],
    "G-H298.15 (J/mol-atom)": [" -8655.33 +145.909*T -24.3224*T*log(T) -0.000389819*T*T +2.17113e-09*T*T*T +206399/T", {"error": 28.25}],
    "H-H298.15 (J/mol-atom)": [" -8655.33 +24.3224*T +0.000389819*T*T -4.34225e-09*T*T*T +412799/T", {"error": 28.25}],
    "S (J/mol-atom/K)": [" -121.587 +24.3224*log(T) +0.000779637*T -6.51338e-09*T*T +206399/T/T", {"error": 0.0}],
    "T": [297.81, 2000.0]
}
