{
    "Cp (J/mol-atom/K)": [" +24.32 +0.00078257*T -1.39558e-08*T*T -412630/T/T", {"error": 0.02}],
    "G-H298.15 (J/mol-atom)": [" -8654.2 +145.893*T -24.32*T*log(T) -0.000391285*T*T +2.32596e-09*T*T*T +206315/T", {"error": 28.25}],
    "H-H298.15 (J/mol-atom)": [" -8654.2 +24.32*T +0.000391285*T*T -4.65193e-09*T*T*T +412630/T", {"error": 28.25}],
    "S (J/mol-atom/K)": [" -121.573 +24.32*log(T) +0.00078257*T -6.97789e-09*T*T +206315/T/T", {"error": 0.0}],
    "T": [297.81, 2000.0]
}
