{
    "Cp (J/mol-atom/K)": [" +12.0873 +0.000510983*T -1.49276e-07*T*T -203251/T/T", {"error": 0.01}],
    "G-H298.15 (J/mol-atom)": [" -4305.47 +72.4809*T -12.0873*T*log(T) -0.000255491*T*T +2.48794e-08*T*T*T +101626/T", {"error": 2.89}],
    "H-H298.15 (J/mol-atom)": [" -4305.47 +12.0873*T +0.000255491*T*T -4.97588e-08*T*T*T +203251/T", {"error": 2.89}],
    "S (J/mol-atom/K)": [" -60.3936 +12.0873*log(T) +0.000510983*T -7.46381e-08*T*T +101626/T/T", {"error": 0.0}],
    "T": [297.81, 1877.56]
}
