{
    "Cp (J/mol-atom/K)": [" +24.3575 +0.000701987*T +4.41235e-08*T*T -413906/T/T", {"error": 0.03}],
    "G-H298.15 (J/mol-atom)": [" -8672.58 +146.123*T -24.3575*T*log(T) -0.000350994*T*T -7.35391e-09*T*T*T +206953/T", {"error": 7.11}],
    "H-H298.15 (J/mol-atom)": [" -8672.58 +24.3575*T +0.000350994*T*T +1.47078e-08*T*T*T +413906/T", {"error": 7.11}],
    "S (J/mol-atom/K)": [" -121.765 +24.3575*log(T) +0.000701987*T +2.20617e-08*T*T +206953/T/T", {"error": 0.0}],
    "T": [297.81, 2000.0]
}
