{
    "Cp (J/mol-atom/K)": [" +24.3636 +0.000669583*T +4.84828e-08*T*T -414418/T/T", {"error": 0.03}],
    "G-H298.15 (J/mol-atom)": [" -8666.97 +146.16*T -24.3636*T*log(T) -0.000334791*T*T -8.08047e-09*T*T*T +207209/T", {"error": 31.91}],
    "H-H298.15 (J/mol-atom)": [" -8666.97 +24.3636*T +0.000334791*T*T +1.61609e-08*T*T*T +414418/T", {"error": 31.91}],
    "S (J/mol-atom/K)": [" -121.797 +24.3636*log(T) +0.000669583*T +2.42414e-08*T*T +207209/T/T", {"error": 0.01}],
    "T": [297.81, 2000.0]
}
