{
    "Cp (J/mol-atom/K)": [" +12.2383 +0.000135641*T +1.3084e-07*T*T -209349/T/T", {"error": 0.01}],
    "G-H298.15 (J/mol-atom)": [" -4352.75 +73.4294*T -12.2383*T*log(T) -6.78207e-05*T*T -2.18067e-08*T*T*T +104674/T", {"error": 4.41}],
    "H-H298.15 (J/mol-atom)": [" -4352.75 +12.2383*T +6.78207e-05*T*T +4.36133e-08*T*T*T +209349/T", {"error": 4.41}],
    "S (J/mol-atom/K)": [" -61.1911 +12.2383*log(T) +0.000135641*T +6.542e-08*T*T +104674/T/T", {"error": 0.0}],
    "T": [297.81, 2000.0]
}
