{
    "Cp (J/mol-atom/K)": [" +12.5616 +0.000602393*T +4.15122e-06*T*T", {"error": 0.0}],
    "G-H298.15 (J/mol-atom)": [" -3805.33 +46.6247*T -12.5616*T*log(T) -0.000301197*T*T -6.91869e-07*T*T*T", {"error": 1.88}],
    "H-H298.15 (J/mol-atom)": [" -3805.33 +12.5616*T +0.000301197*T*T +1.38374e-06*T*T*T", {"error": 1.88}],
    "S (J/mol-atom/K)": [" -34.0631 +12.5616*log(T) +0.000602393*T +2.07561e-06*T*T", {"error": 0.01}],
    "T": [295.89, 375.51]
}
