{
    "Cp (J/mol-atom/K)": [" +25.8215 +0.0127823*T", {"error": 0.0}],
    "G-H298.15 (J/mol-atom)": [" -8273.16 +98.8338*T -25.8215*T*log(T) -0.00639113*T*T", {"error": 9.93}],
    "H-H298.15 (J/mol-atom)": [" -8273.16 +25.8215*T +0.00639113*T*T", {"error": 9.93}],
    "S (J/mol-atom/K)": [" -73.0123 +25.8215*log(T) +0.0127823*T", {"error": 0.04}],
    "T": [290.0, 300.0]
}
