{
    "Cp (J/mol-atom/K)": [" +25.9085 +0.0119979*T", {"error": 0.0}],
    "G-H298.15 (J/mol-atom)": [" -8259.56 +99.2062*T -25.9085*T*log(T) -0.00599894*T*T", {"error": 11.71}],
    "H-H298.15 (J/mol-atom)": [" -8259.56 +25.9085*T +0.00599894*T*T", {"error": 11.71}],
    "S (J/mol-atom/K)": [" -73.2977 +25.9085*log(T) +0.0119979*T", {"error": 0.04}],
    "T": [285.93, 297.81]
}
