{
    "Cp (J/mol-atom/K)": [" +15.5813 -0.0106719*T +1.59225e-05*T*T -62955.6/T/T", {"error": 0.0}],
    "G-H298.15 (J/mol-atom)": [" -4512.92 +64.3351*T -15.5813*T*log(T) +0.00533596*T*T -2.65375e-06*T*T*T +31477.8/T", {"error": 14.56}],
    "H-H298.15 (J/mol-atom)": [" -4512.92 +15.5813*T -0.00533596*T*T +5.30751e-06*T*T*T +62955.6/T", {"error": 14.56}],
    "S (J/mol-atom/K)": [" -48.7538 +15.5813*log(T) -0.0106719*T +7.96126e-06*T*T +31477.8/T/T", {"error": 0.04}],
    "T": [297.81, 536.72]
}
