{
    "Cp (J/mol-atom/K)": [" +25.3535 +0.00166919*T +1.42786e-06*T*T -114626/T/T", {"error": 0.02}],
    "G-H298.15 (J/mol-atom)": [" -7995.26 +133.765*T -25.3535*T*log(T) -0.000834597*T*T -2.37976e-07*T*T*T +57312.9/T", {"error": 37.51}],
    "H-H298.15 (J/mol-atom)": [" -7995.26 +25.3535*T +0.000834597*T*T +4.75952e-07*T*T*T +114626/T", {"error": 37.51}],
    "S (J/mol-atom/K)": [" -108.411 +25.3535*log(T) +0.00166919*T +7.13928e-07*T*T +57312.9/T/T", {"error": 0.03}],
    "T": [297.81, 2000.0]
}
