{
    "Cp (J/mol-atom/K)": [" +1.47946 +0.00153456*T +9.11998e-08*T*T -3581.17/T/T", {"error": 0.0}],
    "G-H298.15 (J/mol-atom)": [" -511.639 +7.67782*T -1.47946*T*log(T) -0.000767282*T*T -1.52e-08*T*T*T +1790.59/T", {"error": 8.91}],
    "H-H298.15 (J/mol-atom)": [" -511.639 +1.47946*T +0.000767282*T*T +3.03999e-08*T*T*T +3581.17/T", {"error": 8.91}],
    "S (J/mol-atom/K)": [" -6.19836 +1.47946*log(T) +0.00153456*T +4.55999e-08*T*T +1790.59/T/T", {"error": 0.0}],
    "T": [297.81, 2000.0]
}
