{
    "Cp (J/mol-atom/K)": [" +1.47084 +0.00155314*T +8.09907e-08*T*T -3157.36/T/T", {"error": 0.0}],
    "G-H298.15 (J/mol-atom)": [" -473.614 +7.62187*T -1.47084*T*log(T) -0.000776572*T*T -1.34984e-08*T*T*T +1578.68/T", {"error": 32.87}],
    "H-H298.15 (J/mol-atom)": [" -473.614 +1.47084*T +0.000776572*T*T +2.69969e-08*T*T*T +3157.36/T", {"error": 32.87}],
    "S (J/mol-atom/K)": [" -6.15103 +1.47084*log(T) +0.00155314*T +4.04953e-08*T*T +1578.68/T/T", {"error": 0.0}],
    "T": [297.81, 2000.0]
}
