{
    "Cp (J/mol-atom/K)": [" +24.7626 +0.00151581*T +2.10445e-07*T*T -91550.7/T/T", {"error": 0.0}],
    "G-H298.15 (J/mol-atom)": [" -7794.19 +130.117*T -24.7626*T*log(T) -0.000757904*T*T -3.50742e-08*T*T*T +45775.4/T", {"error": 62.52}],
    "H-H298.15 (J/mol-atom)": [" -7794.19 +24.7626*T +0.000757904*T*T +7.01484e-08*T*T*T +91550.7/T", {"error": 62.52}],
    "S (J/mol-atom/K)": [" -105.354 +24.7626*log(T) +0.00151581*T +1.05223e-07*T*T +45775.4/T/T", {"error": 0.06}],
    "T": [297.81, 1588.37]
}
