{
    "Cp (J/mol-atom/K)": [" +24.5911 +0.00319763*T +3.9747e-07*T*T -83082.8/T/T", {"error": 0.01}],
    "G-H298.15 (J/mol-atom)": [" -7750.06 +128.991*T -24.5911*T*log(T) -0.00159881*T*T -6.62451e-08*T*T*T +41541.4/T", {"error": 59.05}],
    "H-H298.15 (J/mol-atom)": [" -7750.06 +24.5911*T +0.00159881*T*T +1.3249e-07*T*T*T +83082.8/T", {"error": 59.05}],
    "S (J/mol-atom/K)": [" -104.399 +24.5911*log(T) +0.00319763*T +1.98735e-07*T*T +41541.4/T/T", {"error": 0.05}],
    "T": [297.81, 2000.0]
}
