{
    "Cp (J/mol-atom/K)": [" +25.0264 +0.00224654*T +9.08583e-07*T*T -104966/T/T", {"error": 0.01}],
    "G-H298.15 (J/mol-atom)": [" -7942.45 +131.802*T -25.0264*T*log(T) -0.00112327*T*T -1.51431e-07*T*T*T +52483.1/T", {"error": 66.83}],
    "H-H298.15 (J/mol-atom)": [" -7942.45 +25.0264*T +0.00112327*T*T +3.02861e-07*T*T*T +104966/T", {"error": 66.83}],
    "S (J/mol-atom/K)": [" -106.776 +25.0264*log(T) +0.00224654*T +4.54292e-07*T*T +52483.1/T/T", {"error": 0.04}],
    "T": [297.81, 2000.0]
}
