{
    "Cp (J/mol-atom/K)": [" +24.6489 +0.00309232*T +4.43661e-07*T*T -86705.7/T/T", {"error": 0.0}],
    "G-H298.15 (J/mol-atom)": [" -7819.77 +129.365*T -24.6489*T*log(T) -0.00154616*T*T -7.39435e-08*T*T*T +43352.9/T", {"error": 63.73}],
    "H-H298.15 (J/mol-atom)": [" -7819.77 +24.6489*T +0.00154616*T*T +1.47887e-07*T*T*T +86705.7/T", {"error": 63.73}],
    "S (J/mol-atom/K)": [" -104.716 +24.6489*log(T) +0.00309232*T +2.2183e-07*T*T +43352.9/T/T", {"error": 0.05}],
    "T": [297.81, 1560.78]
}
