{
    "Cp (J/mol-atom/K)": [" +25.3841 +0.00162262*T +1.44445e-06*T*T -116487/T/T", {"error": 0.02}],
    "G-H298.15 (J/mol-atom)": [" -8000.51 +133.961*T -25.3841*T*log(T) -0.00081131*T*T -2.40742e-07*T*T*T +58243.7/T", {"error": 38.9}],
    "H-H298.15 (J/mol-atom)": [" -8000.51 +25.3841*T +0.00081131*T*T +4.81485e-07*T*T*T +116487/T", {"error": 38.9}],
    "S (J/mol-atom/K)": [" -108.577 +25.3841*log(T) +0.00162262*T +7.22227e-07*T*T +58243.7/T/T", {"error": 0.03}],
    "T": [290.0, 2000.0]
}
