{
    "Cp (J/mol-atom/K)": [" +4.95569 -3.90181e-05*T +8.43253e-08*T*T -75508.8/T/T", {"error": 0.01}],
    "G-H298.15 (J/mol-atom)": [" -1684.8 +28.2825*T -4.95569*T*log(T) +1.9509e-05*T*T -1.40542e-08*T*T*T +37754.4/T", {"error": 25.1}],
    "H-H298.15 (J/mol-atom)": [" -1684.8 +4.95569*T -1.9509e-05*T*T +2.81084e-08*T*T*T +75508.8/T", {"error": 25.1}],
    "S (J/mol-atom/K)": [" -23.3268 +4.95569*log(T) -3.90181e-05*T +4.21626e-08*T*T +37754.4/T/T", {"error": 0.01}],
    "T": [297.81, 1877.56]
}
