{
    "Cp (J/mol-atom/K)": [" +22.1745 +0.00224337*T -4.68334e-07*T*T -310612/T/T", {"error": 0.03}],
    "G-H298.15 (J/mol-atom)": [" -7846.31 +125.722*T -22.1745*T*log(T) -0.00112168*T*T +7.80556e-08*T*T*T +155306/T", {"error": 139.63}],
    "H-H298.15 (J/mol-atom)": [" -7846.31 +22.1745*T +0.00112168*T*T -1.56111e-07*T*T*T +310612/T", {"error": 139.63}],
    "S (J/mol-atom/K)": [" -103.548 +22.1745*log(T) +0.00224337*T -2.34167e-07*T*T +155306/T/T", {"error": 0.14}],
    "T": [297.81, 2000.0]
}
