{
    "Cp (J/mol-atom/K)": [" +23.0759 +0.00419887*T -1.35356e-06*T*T -298509/T/T", {"error": 0.01}],
    "G-H298.15 (J/mol-atom)": [" -8173.63 +130.717*T -23.0759*T*log(T) -0.00209943*T*T +2.25594e-07*T*T*T +149254/T", {"error": 129.73}],
    "H-H298.15 (J/mol-atom)": [" -8173.63 +23.0759*T +0.00209943*T*T -4.51188e-07*T*T*T +298509/T", {"error": 129.73}],
    "S (J/mol-atom/K)": [" -107.641 +23.0759*log(T) +0.00419887*T -6.76781e-07*T*T +149254/T/T", {"error": 0.08}],
    "T": [297.81, 1014.97]
}
