{
    "Cp (J/mol-atom/K)": [" +22.047 +0.00262059*T -6.01527e-07*T*T -308835/T/T", {"error": 0.03}],
    "G-H298.15 (J/mol-atom)": [" -7769.3 +125.097*T -22.047*T*log(T) -0.00131029*T*T +1.00255e-07*T*T*T +154418/T", {"error": 206.97}],
    "H-H298.15 (J/mol-atom)": [" -7769.3 +22.047*T +0.00131029*T*T -2.00509e-07*T*T*T +308835/T", {"error": 206.97}],
    "S (J/mol-atom/K)": [" -103.05 +22.047*log(T) +0.00262059*T -3.00764e-07*T*T +154418/T/T", {"error": 0.1}],
    "T": [297.81, 2000.0]
}
