{
    "Cp (J/mol-atom/K)": [" +23.0557 +0.00423417*T -1.37118e-06*T*T -296877/T/T", {"error": 0.01}],
    "G-H298.15 (J/mol-atom)": [" -8179.07 +130.594*T -23.0557*T*log(T) -0.00211708*T*T +2.28529e-07*T*T*T +148439/T", {"error": 130.94}],
    "H-H298.15 (J/mol-atom)": [" -8179.07 +23.0557*T +0.00211708*T*T -4.57058e-07*T*T*T +296877/T", {"error": 130.94}],
    "S (J/mol-atom/K)": [" -107.539 +23.0557*log(T) +0.00423417*T -6.85588e-07*T*T +148439/T/T", {"error": 0.08}],
    "T": [290.0, 1010.0]
}
