{
    "Cp (J/mol-atom/K)": [" +17.7836 +0.0122673*T -3.92274e-06*T*T -142767/T/T", {"error": 0.09}],
    "G-H298.15 (J/mol-atom)": [" -7320.48 +99.3231*T -17.7836*T*log(T) -0.00613366*T*T +6.53789e-07*T*T*T +71383.5/T", {"error": 988.43}],
    "H-H298.15 (J/mol-atom)": [" -7320.48 +17.7836*T +0.00613366*T*T -1.30758e-06*T*T*T +142767/T", {"error": 988.43}],
    "S (J/mol-atom/K)": [" -81.5394 +17.7836*log(T) +0.0122673*T -1.96137e-06*T*T +71383.5/T/T", {"error": 0.83}],
    "T": [297.81, 2000.0]
}
