{
    "Cp (J/mol-atom/K)": [" +4.8193 +0.000243565*T -6.38219e-08*T*T -68782/T/T", {"error": 0.0}],
    "G-H298.15 (J/mol-atom)": [" -1632.82 +27.4086*T -4.8193*T*log(T) -0.000121782*T*T +1.0637e-08*T*T*T +34391/T", {"error": 24.92}],
    "H-H298.15 (J/mol-atom)": [" -1632.82 +4.8193*T +0.000121782*T*T -2.1274e-08*T*T*T +68782/T", {"error": 24.92}],
    "S (J/mol-atom/K)": [" -22.5893 +4.8193*log(T) +0.000243565*T -3.19109e-08*T*T +34391/T/T", {"error": 0.01}],
    "T": [297.81, 1877.56]
}
