{
    "Cp (J/mol-atom/K)": [" +25.9237 +0.000490185*T +2.5912e-06*T*T -196042/T/T", {"error": 0.02}],
    "G-H298.15 (J/mol-atom)": [" -8442.71 +143.991*T -25.9237*T*log(T) -0.000245092*T*T -4.31866e-07*T*T*T +98020.9/T", {"error": 40.65}],
    "H-H298.15 (J/mol-atom)": [" -8442.71 +25.9237*T +0.000245092*T*T +8.63732e-07*T*T*T +196042/T", {"error": 40.65}],
    "S (J/mol-atom/K)": [" -118.068 +25.9237*log(T) +0.000490185*T +1.2956e-06*T*T +98020.9/T/T", {"error": 0.03}],
    "T": [297.81, 1701.14]
}
