{
    "Cp (J/mol-atom/K)": [" +26.0556 +0.000249851*T +2.69933e-06*T*T -203277/T/T", {"error": 0.02}],
    "G-H298.15 (J/mol-atom)": [" -8507.13 +144.851*T -26.0556*T*log(T) -0.000124925*T*T -4.49888e-07*T*T*T +101639/T", {"error": 24.54}],
    "H-H298.15 (J/mol-atom)": [" -8507.13 +26.0556*T +0.000124925*T*T +8.99776e-07*T*T*T +203277/T", {"error": 24.54}],
    "S (J/mol-atom/K)": [" -118.795 +26.0556*log(T) +0.000249851*T +1.34966e-06*T*T +101639/T/T", {"error": 0.03}],
    "T": [297.81, 2000.0]
}
