{
    "Cp (J/mol-atom/K)": [" +12.8537 +0.00155797*T +1.44442e-06*T*T -93886.3/T/T", {"error": 0.02}],
    "G-H298.15 (J/mol-atom)": [" -4188.91 +71.3172*T -12.8537*T*log(T) -0.000778984*T*T -2.40737e-07*T*T*T +46943.1/T", {"error": 20.81}],
    "H-H298.15 (J/mol-atom)": [" -4188.91 +12.8537*T +0.000778984*T*T +4.81474e-07*T*T*T +93886.3/T", {"error": 20.81}],
    "S (J/mol-atom/K)": [" -58.4635 +12.8537*log(T) +0.00155797*T +7.2221e-07*T*T +46943.1/T/T", {"error": 0.0}],
    "T": [297.81, 2000.0]
}
