{
    "Cp (J/mol-atom/K)": [" +26.0812 +0.000209034*T +2.71415e-06*T*T -204375/T/T", {"error": 0.02}],
    "G-H298.15 (J/mol-atom)": [" -8523.23 +145.027*T -26.0812*T*log(T) -0.000104517*T*T -4.52359e-07*T*T*T +102187/T", {"error": 24.35}],
    "H-H298.15 (J/mol-atom)": [" -8523.23 +26.0812*T +0.000104517*T*T +9.04717e-07*T*T*T +204375/T", {"error": 24.35}],
    "S (J/mol-atom/K)": [" -118.945 +26.0812*log(T) +0.000209034*T +1.35708e-06*T*T +102187/T/T", {"error": 0.03}],
    "T": [290.0, 2000.0]
}
