{
    "Cp (J/mol-atom/K)": [" +26.0377 -0.000483093*T +3.40032e-06*T*T -185206/T/T", {"error": 0.07}],
    "G-H298.15 (J/mol-atom)": [" -8422.54 +144.401*T -26.0377*T*log(T) +0.000241546*T*T -5.6672e-07*T*T*T +92602.8/T", {"error": 131.76}],
    "H-H298.15 (J/mol-atom)": [" -8422.54 +26.0377*T -0.000241546*T*T +1.13344e-06*T*T*T +185206/T", {"error": 131.76}],
    "S (J/mol-atom/K)": [" -118.363 +26.0377*log(T) -0.000483093*T +1.70016e-06*T*T +92602.8/T/T", {"error": 0.08}],
    "T": [297.81, 2000.0]
}
