{
    "Cp (J/mol-atom/K)": [" +12.7481 +0.00173792*T +1.42143e-06*T*T -87596.7/T/T", {"error": 0.03}],
    "G-H298.15 (J/mol-atom)": [" -4175.39 +70.6342*T -12.7481*T*log(T) -0.000868959*T*T -2.36905e-07*T*T*T +43798.4/T", {"error": 4.99}],
    "H-H298.15 (J/mol-atom)": [" -4175.39 +12.7481*T +0.000868959*T*T +4.7381e-07*T*T*T +87596.7/T", {"error": 4.99}],
    "S (J/mol-atom/K)": [" -57.8861 +12.7481*log(T) +0.00173792*T +7.10715e-07*T*T +43798.4/T/T", {"error": 0.01}],
    "T": [297.81, 2000.0]
}
