{
    "Cp (J/mol-atom/K)": [" +26.1152 +0.000115781*T +2.76548e-06*T*T -206199/T/T", {"error": 0.02}],
    "G-H298.15 (J/mol-atom)": [" -8559.25 +145.24*T -26.1152*T*log(T) -5.78907e-05*T*T -4.60913e-07*T*T*T +103099/T", {"error": 67.38}],
    "H-H298.15 (J/mol-atom)": [" -8559.25 +26.1152*T +5.78907e-05*T*T +9.21826e-07*T*T*T +206199/T", {"error": 67.38}],
    "S (J/mol-atom/K)": [" -119.125 +26.1152*log(T) +0.000115781*T +1.38274e-06*T*T +103099/T/T", {"error": 0.03}],
    "T": [297.81, 2000.0]
}
