{
    "Cp (J/mol-atom/K)": [" +25.4873 +0.00206677*T +3.51647e-06*T*T -138331/T/T", {"error": 0.01}],
    "G-H298.15 (J/mol-atom)": [" -8188.79 +139.152*T -25.4873*T*log(T) -0.00103339*T*T -5.86078e-07*T*T*T +69165.6/T", {"error": 3.25}],
    "H-H298.15 (J/mol-atom)": [" -8188.79 +25.4873*T +0.00103339*T*T +1.17216e-06*T*T*T +138331/T", {"error": 3.25}],
    "S (J/mol-atom/K)": [" -113.665 +25.4873*log(T) +0.00206677*T +1.75823e-06*T*T +69165.6/T/T", {"error": 0.0}],
    "T": [297.81, 992.93]
}
