{
    "Cp (J/mol-atom/K)": [" +25.8831 +0.000751188*T +4.76457e-06*T*T -149871/T/T", {"error": 0.01}],
    "G-H298.15 (J/mol-atom)": [" -8309.67 +141.543*T -25.8831*T*log(T) -0.000375594*T*T -7.94095e-07*T*T*T +74935.4/T", {"error": 15.19}],
    "H-H298.15 (J/mol-atom)": [" -8309.67 +25.8831*T +0.000375594*T*T +1.58819e-06*T*T*T +149871/T", {"error": 15.19}],
    "S (J/mol-atom/K)": [" -115.66 +25.8831*log(T) +0.000751188*T +2.38229e-06*T*T +74935.4/T/T", {"error": 0.0}],
    "T": [297.81, 971.15]
}
