{
    "Cp (J/mol-atom/K)": [" +12.7168 +0.00106229*T +6.70797e-07*T*T -72389.6/T/T", {"error": 0.01}],
    "G-H298.15 (J/mol-atom)": [" -4091.29 +69.4929*T -12.7168*T*log(T) -0.000531146*T*T -1.118e-07*T*T*T +36194.8/T", {"error": 2.98}],
    "H-H298.15 (J/mol-atom)": [" -4091.29 +12.7168*T +0.000531146*T*T +2.23599e-07*T*T*T +72389.6/T", {"error": 2.98}],
    "S (J/mol-atom/K)": [" -56.7761 +12.7168*log(T) +0.00106229*T +3.35399e-07*T*T +36194.8/T/T", {"error": 0.0}],
    "T": [297.81, 1907.81]
}
