{
    "Cp (J/mol-atom/K)": [" +24.8757 +0.00371828*T +2.36482e-06*T*T -118571/T/T", {"error": 0.0}],
    "G-H298.15 (J/mol-atom)": [" -8013.4 +135.399*T -24.8757*T*log(T) -0.00185914*T*T -3.94136e-07*T*T*T +59285.6/T", {"error": 16.31}],
    "H-H298.15 (J/mol-atom)": [" -8013.4 +24.8757*T +0.00185914*T*T +7.88272e-07*T*T*T +118571/T", {"error": 16.31}],
    "S (J/mol-atom/K)": [" -110.523 +24.8757*log(T) +0.00371828*T +1.18241e-06*T*T +59285.6/T/T", {"error": 0.0}],
    "T": [297.81, 552.95]
}
