{
    "Cp (J/mol-atom/K)": [" +12.6258 +0.00113113*T +7.17271e-07*T*T -66778.4/T/T", {"error": 0.0}],
    "G-H298.15 (J/mol-atom)": [" -4063.18 +68.8734*T -12.6258*T*log(T) -0.000565567*T*T -1.19545e-07*T*T*T +33389.2/T", {"error": 18.01}],
    "H-H298.15 (J/mol-atom)": [" -4063.18 +12.6258*T +0.000565567*T*T +2.3909e-07*T*T*T +66778.4/T", {"error": 18.01}],
    "S (J/mol-atom/K)": [" -56.2476 +12.6258*log(T) +0.00113113*T +3.58635e-07*T*T +33389.2/T/T", {"error": 0.0}],
    "T": [297.81, 1877.56]
}
