{
    "Cp (J/mol-atom/K)": [" +25.4763 +0.00209135*T +3.50082e-06*T*T -137684/T/T", {"error": 0.01}],
    "G-H298.15 (J/mol-atom)": [" -8184.47 +139.082*T -25.4763*T*log(T) -0.00104567*T*T -5.83469e-07*T*T*T +68841.8/T", {"error": 3.35}],
    "H-H298.15 (J/mol-atom)": [" -8184.47 +25.4763*T +0.00104567*T*T +1.16694e-06*T*T*T +137684/T", {"error": 3.35}],
    "S (J/mol-atom/K)": [" -113.605 +25.4763*log(T) +0.00209135*T +1.75041e-06*T*T +68841.8/T/T", {"error": 0.0}],
    "T": [290.0, 990.0]
}
