{
    "Cp (J/mol-atom/K)": [" +25.3402 +0.00225878*T +3.93105e-06*T*T -135571/T/T", {"error": 0.0}],
    "G-H298.15 (J/mol-atom)": [" -8171.91 +138.265*T -25.3402*T*log(T) -0.00112939*T*T -6.55176e-07*T*T*T +67785.4/T", {"error": 22.21}],
    "H-H298.15 (J/mol-atom)": [" -8171.91 +25.3402*T +0.00112939*T*T +1.31035e-06*T*T*T +135571/T", {"error": 22.21}],
    "S (J/mol-atom/K)": [" -112.925 +25.3402*log(T) +0.00225878*T +1.96553e-06*T*T +67785.4/T/T", {"error": 0.03}],
    "T": [297.81, 886.41]
}
