{
    "Cp (J/mol-atom/K)": [" +28.8957 -0.00598834*T +7.92818e-06*T*T -339522/T/T", {"error": 0.17}],
    "G-H298.15 (J/mol-atom)": [" -9499.91 +163.497*T -28.8957*T*log(T) +0.00299417*T*T -1.32136e-06*T*T*T +169761/T", {"error": 282.4}],
    "H-H298.15 (J/mol-atom)": [" -9499.91 +28.8957*T -0.00299417*T*T +2.64273e-06*T*T*T +339522/T", {"error": 282.4}],
    "S (J/mol-atom/K)": [" -134.601 +28.8957*log(T) -0.00598834*T +3.96409e-06*T*T +169761/T/T", {"error": 0.28}],
    "T": [297.81, 2000.0]
}
