{
    "Cp (J/mol-atom/K)": [" +7.82533 +0.00268727*T +1.12003e-06*T*T -21588.2/T/T", {"error": 0.03}],
    "G-H298.15 (J/mol-atom)": [" -2628.75 +42.9813*T -7.82533*T*log(T) -0.00134363*T*T -1.86671e-07*T*T*T +10794.1/T", {"error": 88.86}],
    "H-H298.15 (J/mol-atom)": [" -2628.75 +7.82533*T +0.00134363*T*T +3.73342e-07*T*T*T +21588.2/T", {"error": 88.86}],
    "S (J/mol-atom/K)": [" -35.156 +7.82533*log(T) +0.00268727*T +5.60014e-07*T*T +10794.1/T/T", {"error": 0.04}],
    "T": [297.81, 2000.0]
}
