{
    "Cp (J/mol-atom/K)": [" +10.5333 -0.002691*T +3.54274e-06*T*T -162277/T/T", {"error": 0.42}],
    "G-H298.15 (J/mol-atom)": [" -3412.77 +60.2949*T -10.5333*T*log(T) +0.0013455*T*T -5.90457e-07*T*T*T +81138.5/T", {"error": 402.83}],
    "H-H298.15 (J/mol-atom)": [" -3412.77 +10.5333*T -0.0013455*T*T +1.18091e-06*T*T*T +162277/T", {"error": 402.83}],
    "S (J/mol-atom/K)": [" -49.7616 +10.5333*log(T) -0.002691*T +1.77137e-06*T*T +81138.5/T/T", {"error": 0.23}],
    "T": [297.81, 2000.0]
}
