{
    "Cp (J/mol-atom/K)": [" +29.1896 -0.00642197*T +8.07786e-06*T*T -358467/T/T", {"error": 0.18}],
    "G-H298.15 (J/mol-atom)": [" -9591.31 +165.41*T -29.1896*T*log(T) +0.00321099*T*T -1.34631e-06*T*T*T +179234/T", {"error": 296.25}],
    "H-H298.15 (J/mol-atom)": [" -9591.31 +29.1896*T -0.00321099*T*T +2.69262e-06*T*T*T +358467/T", {"error": 296.25}],
    "S (J/mol-atom/K)": [" -136.22 +29.1896*log(T) -0.00642197*T +4.03893e-06*T*T +179234/T/T", {"error": 0.29}],
    "T": [290.0, 2000.0]
}
