{
    "Cp (J/mol-atom/K)": [" +22.9961 +0.00719761*T -1.19275e-07*T*T -63037/T/T", {"error": 0.06}],
    "G-H298.15 (J/mol-atom)": [" -7418.95 +125.985*T -22.9961*T*log(T) -0.0035988*T*T +1.98792e-08*T*T*T +31518.5/T", {"error": 39.92}],
    "H-H298.15 (J/mol-atom)": [" -7418.95 +22.9961*T +0.0035988*T*T -3.97583e-08*T*T*T +63037/T", {"error": 39.92}],
    "S (J/mol-atom/K)": [" -102.989 +22.9961*log(T) +0.00719761*T -5.96375e-08*T*T +31518.5/T/T", {"error": 0.33}],
    "T": [297.81, 1817.79]
}
