{
    "Cp (J/mol-atom/K)": [" +55.6396 -0.0725558*T +5.07817e-05*T*T -1.38909e+06/T/T", {"error": 1.15}],
    "G-H298.15 (J/mol-atom)": [" -18480.7 +330.814*T -55.6396*T*log(T) +0.0362779*T*T -8.46362e-06*T*T*T +694544/T", {"error": 87.09}],
    "H-H298.15 (J/mol-atom)": [" -18480.7 +55.6396*T -0.0362779*T*T +1.69272e-05*T*T*T +1.38909e+06/T", {"error": 87.09}],
    "S (J/mol-atom/K)": [" -275.175 +55.6396*log(T) -0.0725558*T +2.53909e-05*T*T +694544/T/T", {"error": 0.09}],
    "T": [297.81, 1248.56]
}
