{
    "Cp (J/mol-atom/K)": [" +25.4489 -0.00265646*T +2.42238e-06*T*T -438694/T/T", {"error": 0.1}],
    "G-H298.15 (J/mol-atom)": [" -8880.2 +147.715*T -25.4489*T*log(T) +0.00132823*T*T -4.03729e-07*T*T*T +219347/T", {"error": 95.55}],
    "H-H298.15 (J/mol-atom)": [" -8880.2 +25.4489*T -0.00132823*T*T +8.07459e-07*T*T*T +438694/T", {"error": 95.55}],
    "S (J/mol-atom/K)": [" -122.266 +25.4489*log(T) -0.00265646*T +1.21119e-06*T*T +219347/T/T", {"error": 0.1}],
    "T": [297.81, 1560.78]
}
