{
    "Cp (J/mol-atom/K)": [" +4.76229 +0.000281143*T -8.67353e-08*T*T -72478.1/T/T", {"error": 0.01}],
    "G-H298.15 (J/mol-atom)": [" -1710.24 +27.4786*T -4.76229*T*log(T) -0.000140572*T*T +1.44559e-08*T*T*T +36239.1/T", {"error": 26.7}],
    "H-H298.15 (J/mol-atom)": [" -1710.24 +4.76229*T +0.000140572*T*T -2.89118e-08*T*T*T +72478.1/T", {"error": 26.7}],
    "S (J/mol-atom/K)": [" -22.7163 +4.76229*log(T) +0.000281143*T -4.33676e-08*T*T +36239.1/T/T", {"error": 0.0}],
    "T": [297.81, 1877.56]
}
