{
    "Cp (J/mol-atom/K)": [" +4.79934 +0.000206364*T -4.89372e-08*T*T -74353.7/T/T", {"error": 0.01}],
    "G-H298.15 (J/mol-atom)": [" -1724.6 +27.7167*T -4.79934*T*log(T) -0.000103182*T*T +8.15621e-09*T*T*T +37176.8/T", {"error": 26.71}],
    "H-H298.15 (J/mol-atom)": [" -1724.6 +4.79934*T +0.000103182*T*T -1.63124e-08*T*T*T +74353.7/T", {"error": 26.71}],
    "S (J/mol-atom/K)": [" -22.9173 +4.79934*log(T) +0.000206364*T -2.44686e-08*T*T +37176.8/T/T", {"error": 0.0}],
    "T": [297.81, 1877.56]
}
