{
    "Cp (J/mol-atom/K)": [" +23.9879 +0.00127491*T -2.90844e-07*T*T -372431/T/T", {"error": 0.03}],
    "G-H298.15 (J/mol-atom)": [" -8366.18 +138.404*T -23.9879*T*log(T) -0.000637455*T*T +4.8474e-08*T*T*T +186216/T", {"error": 104.64}],
    "H-H298.15 (J/mol-atom)": [" -8366.18 +23.9879*T +0.000637455*T*T -9.69481e-08*T*T*T +372431/T", {"error": 104.64}],
    "S (J/mol-atom/K)": [" -114.416 +23.9879*log(T) +0.00127491*T -1.45422e-07*T*T +186216/T/T", {"error": 0.1}],
    "T": [290.0, 2000.0]
}
