{
    "Cp (J/mol-atom/K)": [" +23.9384 +0.0013552*T -3.20717e-07*T*T -370358/T/T", {"error": 0.03}],
    "G-H298.15 (J/mol-atom)": [" -8369.09 +138.104*T -23.9384*T*log(T) -0.0006776*T*T +5.34528e-08*T*T*T +185179/T", {"error": 100.7}],
    "H-H298.15 (J/mol-atom)": [" -8369.09 +23.9384*T +0.0006776*T*T -1.06906e-07*T*T*T +370358/T", {"error": 100.7}],
    "S (J/mol-atom/K)": [" -114.166 +23.9384*log(T) +0.0013552*T -1.60358e-07*T*T +185179/T/T", {"error": 0.11}],
    "T": [297.81, 2000.0]
}
