{
    "Cp (J/mol-atom/K)": [" +24.3165 +0.000137922*T +5.61772e-07*T*T -394198/T/T", {"error": 0.05}],
    "G-H298.15 (J/mol-atom)": [" -8510.07 +140.609*T -24.3165*T*log(T) -6.89611e-05*T*T -9.36287e-08*T*T*T +197099/T", {"error": 109.7}],
    "H-H298.15 (J/mol-atom)": [" -8510.07 +24.3165*T +6.89611e-05*T*T +1.87257e-07*T*T*T +394198/T", {"error": 109.7}],
    "S (J/mol-atom/K)": [" -116.293 +24.3165*log(T) +0.000137922*T +2.80886e-07*T*T +197099/T/T", {"error": 0.1}],
    "T": [297.81, 1969.03]
}
