{
    "Cp (J/mol-atom/K)": [" +27.129 -0.0065705*T +4.79845e-06*T*T -510741/T/T", {"error": 0.18}],
    "G-H298.15 (J/mol-atom)": [" -9527.36 +158.322*T -27.129*T*log(T) +0.00328525*T*T -7.99741e-07*T*T*T +255370/T", {"error": 31.62}],
    "H-H298.15 (J/mol-atom)": [" -9527.36 +27.129*T -0.00328525*T*T +1.59948e-06*T*T*T +510741/T", {"error": 31.62}],
    "S (J/mol-atom/K)": [" -131.193 +27.129*log(T) -0.0065705*T +2.39922e-06*T*T +255370/T/T", {"error": 0.1}],
    "T": [297.81, 1479.46]
}
