{
    "Cp (J/mol-atom/K)": [" +19.1949 +0.0139733*T -9.73135e-06*T*T -209137/T/T", {"error": 0.0}],
    "G-H298.15 (J/mol-atom)": [" -6964.06 +109.059*T -19.1949*T*log(T) -0.00698667*T*T +1.62189e-06*T*T*T +104569/T", {"error": 6.06}],
    "H-H298.15 (J/mol-atom)": [" -6964.06 +19.1949*T +0.00698667*T*T -3.24378e-06*T*T*T +209137/T", {"error": 6.06}],
    "S (J/mol-atom/K)": [" -89.8637 +19.1949*log(T) +0.0139733*T -4.86567e-06*T*T +104569/T/T", {"error": 0.01}],
    "T": [297.81, 520.73]
}
