{
    "Cp (J/mol-atom/K)": [" -3.02242 +0.0646233*T -2.53557e-05*T*T +1.10984e+06/T/T", {"error": 0.8}],
    "G-H298.15 (J/mol-atom)": [" -1228.97 -62.5944*T +3.02242*T*log(T) -0.0323117*T*T +4.22595e-06*T*T*T -554922/T", {"error": 2938.41}],
    "H-H298.15 (J/mol-atom)": [" -1228.97 -3.02242*T +0.0323117*T*T -8.45189e-06*T*T*T -1.10984e+06/T", {"error": 2938.41}],
    "S (J/mol-atom/K)": [" +59.572 -3.02242*log(T) +0.0646233*T -1.26778e-05*T*T -554922/T/T", {"error": 2.89}],
    "T": [297.81, 2000.0]
}
