{
    "Cp (J/mol-atom/K)": [" +24.102 +0.0077826*T -6.8433e-06*T*T", {"error": 0.0}],
    "G-H298.15 (J/mol-atom)": [" -7475.56 +105.791*T -24.102*T*log(T) -0.0038913*T*T +1.14055e-06*T*T*T", {"error": 3.15}],
    "H-H298.15 (J/mol-atom)": [" -7475.56 +24.102*T +0.0038913*T*T -2.2811e-06*T*T*T", {"error": 3.15}],
    "S (J/mol-atom/K)": [" -81.6888 +24.102*log(T) +0.0077826*T -3.42165e-06*T*T", {"error": 0.0}],
    "T": [297.81, 347.74]
}
