{
    "Cp (J/mol-atom/K)": [" +26.025 +0.000519584*T +2.75003e-06*T*T -58425.9/T/T", {"error": 0.02}],
    "G-H298.15 (J/mol-atom)": [" -7719.44 +116.894*T -26.025*T*log(T) -0.000259792*T*T -4.58339e-07*T*T*T +29212.9/T", {"error": 713.19}],
    "H-H298.15 (J/mol-atom)": [" -7719.44 +26.025*T +0.000259792*T*T +9.16677e-07*T*T*T +58425.9/T", {"error": 713.19}],
    "S (J/mol-atom/K)": [" -90.8687 +26.025*log(T) +0.000519584*T +1.37502e-06*T*T +29212.9/T/T", {"error": 0.65}],
    "T": [290.0, 1410.0]
}
