{
    "Cp (J/mol-atom/K)": [" -209.517 +0.808318*T", {"error": 0.0}],
    "G-H298.15 (J/mol-atom)": [" +26479.2 -1219.72*T +209.517*T*log(T) -0.404159*T*T", {"error": 63.14}],
    "H-H298.15 (J/mol-atom)": [" +26479.2 -209.517*T +0.404159*T*T", {"error": 63.14}],
    "S (J/mol-atom/K)": [" +1010.2 -209.517*log(T) +0.808318*T", {"error": 0.21}],
    "T": [297.81, 309.93]
}
