{
    "Cp (J/mol-atom/K)": [" +25.6959 +0.00123134*T +2.35946e-06*T*T -43473.3/T/T", {"error": 0.01}],
    "G-H298.15 (J/mol-atom)": [" -7507.61 +114.739*T -25.6959*T*log(T) -0.000615669*T*T -3.93244e-07*T*T*T +21736.7/T", {"error": 518.19}],
    "H-H298.15 (J/mol-atom)": [" -7507.61 +25.6959*T +0.000615669*T*T +7.86487e-07*T*T*T +43473.3/T", {"error": 518.19}],
    "S (J/mol-atom/K)": [" -89.0432 +25.6959*log(T) +0.00123134*T +1.17973e-06*T*T +21736.7/T/T", {"error": 0.53}],
    "T": [297.81, 1298.18]
}
