{
    "Cp (J/mol-atom/K)": [" +25.8781 +0.000822274*T +2.59724e-06*T*T -51579.1/T/T", {"error": 0.02}],
    "G-H298.15 (J/mol-atom)": [" -7681.38 +115.981*T -25.8781*T*log(T) -0.000411137*T*T -4.32874e-07*T*T*T +25789.6/T", {"error": 647.04}],
    "H-H298.15 (J/mol-atom)": [" -7681.38 +25.8781*T +0.000411137*T*T +8.65748e-07*T*T*T +51579.1/T", {"error": 647.04}],
    "S (J/mol-atom/K)": [" -90.1029 +25.8781*log(T) +0.000822274*T +1.29862e-06*T*T +25789.6/T/T", {"error": 0.61}],
    "T": [297.81, 1400.32]
}
