{
    "Cp (J/mol-atom/K)": [" +26.2162 +0.000670638*T +1.18832e-07*T*T -55294.1/T/T", {"error": 0.01}],
    "G-H298.15 (J/mol-atom)": [" -7618.74 +117.771*T -26.2162*T*log(T) -0.000335319*T*T -1.98053e-08*T*T*T +27647.1/T", {"error": 683.09}],
    "H-H298.15 (J/mol-atom)": [" -7618.74 +26.2162*T +0.000335319*T*T +3.96105e-08*T*T*T +55294.1/T", {"error": 683.09}],
    "S (J/mol-atom/K)": [" -91.5547 +26.2162*log(T) +0.000670638*T +5.94158e-08*T*T +27647.1/T/T", {"error": 0.59}],
    "T": [297.81, 2000.0]
}
