{
    "Cp (J/mol-atom/K)": [" +25.5708 +0.000343973*T +1.87112e-06*T*T -39413.6/T/T", {"error": 0.01}],
    "G-H298.15 (J/mol-atom)": [" -7408.37 +113.975*T -25.5708*T*log(T) -0.000171986*T*T -3.11853e-07*T*T*T +19706.8/T", {"error": 526.42}],
    "H-H298.15 (J/mol-atom)": [" -7408.37 +25.5708*T +0.000171986*T*T +6.23706e-07*T*T*T +39413.6/T", {"error": 526.42}],
    "S (J/mol-atom/K)": [" -88.404 +25.5708*log(T) +0.000343973*T +9.35559e-07*T*T +19706.8/T/T", {"error": 0.53}],
    "T": [297.81, 1323.35]
}
