{
    "Cp (J/mol-atom/K)": [" +23.1691 +0.00270005*T -1.32319e-07*T*T -671757/T/T", {"error": 0.07}],
    "G-H298.15 (J/mol-atom)": [" -9282.35 +148.549*T -23.1691*T*log(T) -0.00135003*T*T +2.20532e-08*T*T*T +335878/T", {"error": 9.97}],
    "H-H298.15 (J/mol-atom)": [" -9282.35 +23.1691*T +0.00135003*T*T -4.41065e-08*T*T*T +671757/T", {"error": 9.97}],
    "S (J/mol-atom/K)": [" -125.379 +23.1691*log(T) +0.00270005*T -6.61597e-08*T*T +335878/T/T", {"error": 0.01}],
    "T": [290.0, 2000.0]
}
