{
    "Cp (J/mol-atom/K)": [" +23.073 +0.00285897*T -1.91975e-07*T*T -667940/T/T", {"error": 0.07}],
    "G-H298.15 (J/mol-atom)": [" -9245.38 +147.918*T -23.073*T*log(T) -0.00142948*T*T +3.19958e-08*T*T*T +333970/T", {"error": 10.57}],
    "H-H298.15 (J/mol-atom)": [" -9245.38 +23.073*T +0.00142948*T*T -6.39917e-08*T*T*T +667940/T", {"error": 10.57}],
    "S (J/mol-atom/K)": [" -124.846 +23.073*log(T) +0.00285897*T -9.59875e-08*T*T +333970/T/T", {"error": 0.01}],
    "T": [297.81, 2000.0]
}
