{
    "Cp (J/mol-atom/K)": [" +25.372 +0.00143771*T +9.10468e-07*T*T -129062/T/T", {"error": 0.02}],
    "G-H298.15 (J/mol-atom)": [" -8063.08 +137.6*T -25.372*T*log(T) -0.000718853*T*T -1.51745e-07*T*T*T +64531.2/T", {"error": 5.08}],
    "H-H298.15 (J/mol-atom)": [" -8063.08 +25.372*T +0.000718853*T*T +3.03489e-07*T*T*T +129062/T", {"error": 5.08}],
    "S (J/mol-atom/K)": [" -112.228 +25.372*log(T) +0.00143771*T +4.55234e-07*T*T +64531.2/T/T", {"error": 0.0}],
    "T": [290.0, 2000.0]
}
