{
    "Cp (J/mol-atom/K)": [" +12.6209 +0.00133685*T +3.23821e-07*T*T -60867.4/T/T", {"error": 0.0}],
    "G-H298.15 (J/mol-atom)": [" -4024.7 +68.3758*T -12.6209*T*log(T) -0.000668423*T*T -5.39701e-08*T*T*T +30433.7/T", {"error": 3.47}],
    "H-H298.15 (J/mol-atom)": [" -4024.7 +12.6209*T +0.000668423*T*T +1.0794e-07*T*T*T +60867.4/T", {"error": 3.47}],
    "S (J/mol-atom/K)": [" -55.7549 +12.6209*log(T) +0.00133685*T +1.6191e-07*T*T +30433.7/T/T", {"error": 0.0}],
    "T": [297.81, 2000.0]
}
