{
    "Cp (J/mol-atom/K)": [" +12.6255 +0.00132754*T +3.28183e-07*T*T -61094.2/T/T", {"error": 0.01}],
    "G-H298.15 (J/mol-atom)": [" -3862.64 +68.4052*T -12.6255*T*log(T) -0.000663772*T*T -5.46971e-08*T*T*T +30547.1/T", {"error": 87.1}],
    "H-H298.15 (J/mol-atom)": [" -3862.64 +12.6255*T +0.000663772*T*T +1.09394e-07*T*T*T +61094.2/T", {"error": 87.1}],
    "S (J/mol-atom/K)": [" -55.7797 +12.6255*log(T) +0.00132754*T +1.64091e-07*T*T +30547.1/T/T", {"error": 0.0}],
    "T": [297.81, 2000.0]
}
