{
    "Cp (J/mol-atom/K)": [" +25.4306 +0.001364*T +9.33779e-07*T*T -133115/T/T", {"error": 0.03}],
    "G-H298.15 (J/mol-atom)": [" -8096.75 +137.999*T -25.4306*T*log(T) -0.000682*T*T -1.5563e-07*T*T*T +66557.6/T", {"error": 8.08}],
    "H-H298.15 (J/mol-atom)": [" -8096.75 +25.4306*T +0.000682*T*T +3.1126e-07*T*T*T +133115/T", {"error": 8.08}],
    "S (J/mol-atom/K)": [" -112.568 +25.4306*log(T) +0.001364*T +4.66889e-07*T*T +66557.6/T/T", {"error": 0.01}],
    "T": [297.81, 2000.0]
}
