{
    "Cp (J/mol-atom/K)": [" +53.0935 -0.0646732*T +4.44382e-05*T*T -1.35336e+06/T/T", {"error": 1.12}],
    "G-H298.15 (J/mol-atom)": [" -17884.7 +319.309*T -53.0935*T*log(T) +0.0323366*T*T -7.40637e-06*T*T*T +676679/T", {"error": 97.82}],
    "H-H298.15 (J/mol-atom)": [" -17884.7 +53.0935*T -0.0323366*T*T +1.48127e-05*T*T*T +1.35336e+06/T", {"error": 97.82}],
    "S (J/mol-atom/K)": [" -266.216 +53.0935*log(T) -0.0646732*T +2.22191e-05*T*T +676679/T/T", {"error": 0.11}],
    "T": [297.81, 1273.25]
}
