{
    "Cp (J/mol-atom/K)": [" +39.661 -0.029262*T +2.08608e-05*T*T -869409/T/T", {"error": 0.66}],
    "G-H298.15 (J/mol-atom)": [" -13639.3 +235.883*T -39.661*T*log(T) +0.014631*T*T -3.4768e-06*T*T*T +434705/T", {"error": 63.92}],
    "H-H298.15 (J/mol-atom)": [" -13639.3 +39.661*T -0.014631*T*T +6.95361e-06*T*T*T +869409/T", {"error": 63.92}],
    "S (J/mol-atom/K)": [" -196.222 +39.661*log(T) -0.029262*T +1.04304e-05*T*T +434705/T/T", {"error": 0.09}],
    "T": [297.81, 1588.37]
}
