{
    "Cp (J/mol-atom/K)": [" +34.7998 -0.0186347*T +1.56065e-05*T*T -648021/T/T", {"error": 0.37}],
    "G-H298.15 (J/mol-atom)": [" -11651.5 +205.109*T -34.7998*T*log(T) +0.00931734*T*T -2.60108e-06*T*T*T +324010/T", {"error": 151.99}],
    "H-H298.15 (J/mol-atom)": [" -11651.5 +34.7998*T -0.00931734*T*T +5.20216e-06*T*T*T +648021/T", {"error": 151.99}],
    "S (J/mol-atom/K)": [" -170.309 +34.7998*log(T) -0.0186347*T +7.80323e-06*T*T +324010/T/T", {"error": 0.05}],
    "T": [297.81, 1701.14]
}
