{
    "Cp (J/mol-atom/K)": [" +34.0681 -0.0172746*T +1.51843e-05*T*T -605417/T/T", {"error": 0.29}],
    "G-H298.15 (J/mol-atom)": [" -11690.5 +200.418*T -34.0681*T*log(T) +0.00863728*T*T -2.53072e-06*T*T*T +302709/T", {"error": 152.47}],
    "H-H298.15 (J/mol-atom)": [" -11690.5 +34.0681*T -0.00863728*T*T +5.06144e-06*T*T*T +605417/T", {"error": 152.47}],
    "S (J/mol-atom/K)": [" -166.35 +34.0681*log(T) -0.0172746*T +7.59215e-06*T*T +302709/T/T", {"error": 0.11}],
    "T": [297.81, 1701.14]
}
