{
    "Cp (J/mol-atom/K)": [" +54.608 -0.0667969*T +4.45582e-05*T*T -1.44425e+06/T/T", {"error": 1.64}],
    "G-H298.15 (J/mol-atom)": [" -18519.9 +329.338*T -54.608*T*log(T) +0.0333984*T*T -7.42637e-06*T*T*T +722125/T", {"error": 106.46}],
    "H-H298.15 (J/mol-atom)": [" -18519.9 +54.608*T -0.0333984*T*T +1.48527e-05*T*T*T +1.44425e+06/T", {"error": 106.46}],
    "S (J/mol-atom/K)": [" -274.73 +54.608*log(T) -0.0667969*T +2.22791e-05*T*T +722125/T/T", {"error": 0.14}],
    "T": [297.81, 1248.56]
}
