{
    "Cp (J/mol-atom/K)": [" +41.646 -0.0328989*T +2.2497e-05*T*T -974821/T/T", {"error": 0.74}],
    "G-H298.15 (J/mol-atom)": [" -14442.2 +248.79*T -41.646*T*log(T) +0.0164494*T*T -3.7495e-06*T*T*T +487410/T", {"error": 76.99}],
    "H-H298.15 (J/mol-atom)": [" -14442.2 +41.646*T -0.0164494*T*T +7.49901e-06*T*T*T +974821/T", {"error": 76.99}],
    "S (J/mol-atom/K)": [" -207.144 +41.646*log(T) -0.0328989*T +1.12485e-05*T*T +487410/T/T", {"error": 0.11}],
    "T": [290.0, 1600.0]
}
