{
    "Cp (J/mol-atom/K)": [" +23.5861 +0.00434366*T +2.90116e-06*T*T -104253/T/T", {"error": 1.73}],
    "G-H298.15 (J/mol-atom)": [" -5881.59 +132.215*T -23.5861*T*log(T) -0.00217183*T*T -4.83526e-07*T*T*T +52126.5/T", {"error": 3385.41}],
    "H-H298.15 (J/mol-atom)": [" -5881.59 +23.5861*T +0.00217183*T*T +9.67052e-07*T*T*T +104253/T", {"error": 3385.41}],
    "S (J/mol-atom/K)": [" -108.629 +23.5861*log(T) +0.00434366*T +1.45058e-06*T*T +52126.5/T/T", {"error": 2.22}],
    "T": [297.81, 1877.56]
}
