{
    "Cp (J/mol-atom/K)": [" +12.7709 -0.0001681*T +1.26048e-07*T*T -66167.7/T/T", {"error": 0.01}],
    "G-H298.15 (J/mol-atom)": [" -4039.87 +69.5895*T -12.7709*T*log(T) +8.405e-05*T*T -2.10081e-08*T*T*T +33083.9/T", {"error": 14.18}],
    "H-H298.15 (J/mol-atom)": [" -4039.87 +12.7709*T -8.405e-05*T*T +4.20161e-08*T*T*T +66167.7/T", {"error": 14.18}],
    "S (J/mol-atom/K)": [" -56.8186 +12.7709*log(T) -0.0001681*T +6.30242e-08*T*T +33083.9/T/T", {"error": 0.0}],
    "T": [297.81, 1059.75]
}
