{
    "Cp (J/mol-atom/K)": [" +299.472 -1.02027*T +0.00106391*T*T -5.86717e+06/T/T", {"error": 0.37}],
    "G-H298.15 (J/mol-atom)": [" -73006 +1749.05*T -299.472*T*log(T) +0.510133*T*T -0.000177318*T*T*T +2.93358e+06/T", {"error": 23.34}],
    "H-H298.15 (J/mol-atom)": [" -73006 +299.472*T -0.510133*T*T +0.000354637*T*T*T +5.86717e+06/T", {"error": 23.34}],
    "S (J/mol-atom/K)": [" -1449.57 +299.472*log(T) -1.02027*T +0.000531955*T*T +2.93358e+06/T/T", {"error": 0.04}],
    "T": [297.81, 489.48]
}
