{
    "Cp (J/mol-atom/K)": [" +198.89 -0.615912*T +0.000614341*T*T -4.07852e+06/T/T", {"error": 0.46}],
    "G-H298.15 (J/mol-atom)": [" -51056.2 +1165.96*T -198.89*T*log(T) +0.307956*T*T -0.00010239*T*T*T +2.03926e+06/T", {"error": 34.98}],
    "H-H298.15 (J/mol-atom)": [" -51056.2 +198.89*T -0.307956*T*T +0.00020478*T*T*T +4.07852e+06/T", {"error": 34.98}],
    "S (J/mol-atom/K)": [" -967.067 +198.89*log(T) -0.615912*T +0.000307171*T*T +2.03926e+06/T/T", {"error": 0.07}],
    "T": [297.81, 552.95]
}
