{
    "Cp (J/mol-atom/K)": [" +44.6367 -0.078355*T +9.49278e-05*T*T -473175/T/T", {"error": 0.01}],
    "G-H298.15 (J/mol-atom)": [" -12256.6 +249.69*T -44.6367*T*log(T) +0.0391775*T*T -1.58213e-05*T*T*T +236588/T", {"error": 10.98}],
    "H-H298.15 (J/mol-atom)": [" -12256.6 +44.6367*T -0.0391775*T*T +3.16426e-05*T*T*T +473175/T", {"error": 10.98}],
    "S (J/mol-atom/K)": [" -205.053 +44.6367*log(T) -0.078355*T +4.74639e-05*T*T +236588/T/T", {"error": 0.03}],
    "T": [297.81, 474.22]
}
