{
    "Cp (J/mol-atom/K)": [" +242.34 -0.769004*T +0.000762393*T*T -5.04088e+06/T/T", {"error": 0.8}],
    "G-H298.15 (J/mol-atom)": [" -61750.1 +1423.34*T -242.34*T*log(T) +0.384502*T*T -0.000127065*T*T*T +2.52044e+06/T", {"error": 37.98}],
    "H-H298.15 (J/mol-atom)": [" -61750.1 +242.34*T -0.384502*T*T +0.000254131*T*T*T +5.04088e+06/T", {"error": 37.98}],
    "S (J/mol-atom/K)": [" -1181 +242.34*log(T) -0.769004*T +0.000381196*T*T +2.52044e+06/T/T", {"error": 0.08}],
    "T": [290.0, 560.0]
}
