{
    "Cp (J/mol-atom/K)": [" +212.054 -0.681455*T +0.000700137*T*T -4.18165e+06/T/T", {"error": 0.34}],
    "G-H298.15 (J/mol-atom)": [" -53181.2 +1239.01*T -212.054*T*log(T) +0.340727*T*T -0.00011669*T*T*T +2.09082e+06/T", {"error": 50.51}],
    "H-H298.15 (J/mol-atom)": [" -53181.2 +212.054*T -0.340727*T*T +0.000233379*T*T*T +4.18165e+06/T", {"error": 50.51}],
    "S (J/mol-atom/K)": [" -1026.95 +212.054*log(T) -0.681455*T +0.000350069*T*T +2.09082e+06/T/T", {"error": 0.06}],
    "T": [297.81, 520.73]
}
