{
    "Cp (J/mol-atom/K)": [" +66.1172 -0.129927*T +8.28505e-05*T*T -2.21153e+06/T/T", {"error": 3.74}],
    "G-H298.15 (J/mol-atom)": [" -22107 +404.028*T -66.1172*T*log(T) +0.0649633*T*T -1.38084e-05*T*T*T +1.10576e+06/T", {"error": 175.43}],
    "H-H298.15 (J/mol-atom)": [" -22107 +66.1172*T -0.0649633*T*T +2.76168e-05*T*T*T +2.21153e+06/T", {"error": 175.43}],
    "S (J/mol-atom/K)": [" -337.91 +66.1172*log(T) -0.129927*T +4.14253e-05*T*T +1.10576e+06/T/T", {"error": 0.2}],
    "T": [297.81, 1152.22]
}
