{
    "Cp (J/mol-atom/K)": [" +20.7676 +0.00502468*T -1.32413e-06*T*T -776326/T/T", {"error": 0.12}],
    "G-H298.15 (J/mol-atom)": [" -9017.66 +136.063*T -20.7676*T*log(T) -0.00251234*T*T +2.20689e-07*T*T*T +388163/T", {"error": 57.97}],
    "H-H298.15 (J/mol-atom)": [" -9017.66 +20.7676*T +0.00251234*T*T -4.41378e-07*T*T*T +776326/T", {"error": 57.97}],
    "S (J/mol-atom/K)": [" -115.295 +20.7676*log(T) +0.00502468*T -6.62067e-07*T*T +388163/T/T", {"error": 0.02}],
    "T": [297.81, 2000.0]
}
