{
    "Cp (J/mol-atom/K)": [" +20.7447 +0.00509832*T -1.39024e-06*T*T -775655/T/T", {"error": 0.12}],
    "G-H298.15 (J/mol-atom)": [" -8999.48 +135.916*T -20.7447*T*log(T) -0.00254916*T*T +2.31706e-07*T*T*T +387828/T", {"error": 43.58}],
    "H-H298.15 (J/mol-atom)": [" -8999.48 +20.7447*T +0.00254916*T*T -4.63412e-07*T*T*T +775655/T", {"error": 43.58}],
    "S (J/mol-atom/K)": [" -115.171 +20.7447*log(T) +0.00509832*T -6.95118e-07*T*T +387828/T/T", {"error": 0.02}],
    "T": [297.81, 2000.0]
}
