{
    "Cp (J/mol-atom/K)": [" +20.9686 +0.0047382*T -1.21829e-06*T*T -784879/T/T", {"error": 0.12}],
    "G-H298.15 (J/mol-atom)": [" -9081.97 +137.385*T -20.9686*T*log(T) -0.0023691*T*T +2.03048e-07*T*T*T +392439/T", {"error": 16.88}],
    "H-H298.15 (J/mol-atom)": [" -9081.97 +20.9686*T +0.0023691*T*T -4.06096e-07*T*T*T +784879/T", {"error": 16.88}],
    "S (J/mol-atom/K)": [" -116.416 +20.9686*log(T) +0.0047382*T -6.09144e-07*T*T +392439/T/T", {"error": 0.02}],
    "T": [290.0, 2000.0]
}
