{
    "Cp (J/mol-atom/K)": [" +20.769 +0.00502052*T -1.32223e-06*T*T -776394/T/T", {"error": 0.12}],
    "G-H298.15 (J/mol-atom)": [" -9010.6 +136.071*T -20.769*T*log(T) -0.00251026*T*T +2.20371e-07*T*T*T +388197/T", {"error": 55.26}],
    "H-H298.15 (J/mol-atom)": [" -9010.6 +20.769*T +0.00251026*T*T -4.40742e-07*T*T*T +776394/T", {"error": 55.26}],
    "S (J/mol-atom/K)": [" -115.302 +20.769*log(T) +0.00502052*T -6.61113e-07*T*T +388197/T/T", {"error": 0.02}],
    "T": [297.81, 2000.0]
}
