{
    "Cp (J/mol-atom/K)": [" +10.4008 +0.0024158*T -6.77777e-07*T*T -389713/T/T", {"error": 0.06}],
    "G-H298.15 (J/mol-atom)": [" -4459.97 +68.1417*T -10.4008*T*log(T) -0.0012079*T*T +1.12963e-07*T*T*T +194857/T", {"error": 32.58}],
    "H-H298.15 (J/mol-atom)": [" -4459.97 +10.4008*T +0.0012079*T*T -2.25926e-07*T*T*T +389713/T", {"error": 32.58}],
    "S (J/mol-atom/K)": [" -57.7409 +10.4008*log(T) +0.0024158*T -3.38888e-07*T*T +194857/T/T", {"error": 0.01}],
    "T": [297.81, 2000.0]
}
