{
    "Cp (J/mol-atom/K)": [" +10.4029 +0.00240797*T -6.72668e-07*T*T -389786/T/T", {"error": 0.06}],
    "G-H298.15 (J/mol-atom)": [" -4505.84 +68.1539*T -10.4029*T*log(T) -0.00120399*T*T +1.12111e-07*T*T*T +194893/T", {"error": 8.97}],
    "H-H298.15 (J/mol-atom)": [" -4505.84 +10.4029*T +0.00120399*T*T -2.24223e-07*T*T*T +389786/T", {"error": 8.97}],
    "S (J/mol-atom/K)": [" -57.751 +10.4029*log(T) +0.00240797*T -3.36334e-07*T*T +194893/T/T", {"error": 0.01}],
    "T": [297.81, 2000.0]
}
