{
    "Cp (J/mol-atom/K)": [" +20.7892 +0.00502851*T -1.3262e-06*T*T -777118/T/T", {"error": 0.12}],
    "G-H298.15 (J/mol-atom)": [" -9010.25 +136.204*T -20.7892*T*log(T) -0.00251425*T*T +2.21033e-07*T*T*T +388559/T", {"error": 17.9}],
    "H-H298.15 (J/mol-atom)": [" -9010.25 +20.7892*T +0.00251425*T*T -4.42066e-07*T*T*T +777118/T", {"error": 17.9}],
    "S (J/mol-atom/K)": [" -115.414 +20.7892*log(T) +0.00502851*T -6.63099e-07*T*T +388559/T/T", {"error": 0.02}],
    "T": [297.81, 2000.0]
}
