{
    "Cp (J/mol-atom/K)": [" +20.747 +0.00509409*T -1.38861e-06*T*T -775763/T/T", {"error": 0.12}],
    "G-H298.15 (J/mol-atom)": [" -9000.35 +135.93*T -20.747*T*log(T) -0.00254704*T*T +2.31434e-07*T*T*T +387882/T", {"error": 43.58}],
    "H-H298.15 (J/mol-atom)": [" -9000.35 +20.747*T +0.00254704*T*T -4.62868e-07*T*T*T +775763/T", {"error": 43.58}],
    "S (J/mol-atom/K)": [" -115.183 +20.747*log(T) +0.00509409*T -6.94303e-07*T*T +387882/T/T", {"error": 0.02}],
    "T": [297.81, 2000.0]
}
