{
    "Cp (J/mol-atom/K)": [" +30.635 -0.00571465*T +8.64835e-06*T*T -416721/T/T", {"error": 0.16}],
    "G-H298.15 (J/mol-atom)": [" -10419.9 +175.841*T -30.635*T*log(T) +0.00285732*T*T -1.44139e-06*T*T*T +208360/T", {"error": 73.73}],
    "H-H298.15 (J/mol-atom)": [" -10419.9 +30.635*T -0.00285732*T*T +2.88278e-06*T*T*T +416721/T", {"error": 73.73}],
    "S (J/mol-atom/K)": [" -145.206 +30.635*log(T) -0.00571465*T +4.32417e-06*T*T +208360/T/T", {"error": 0.6}],
    "T": [297.81, 1847.55]
}
