{
    "Cp (J/mol-atom/K)": [" +29.3161 -0.00289719*T +7.25257e-06*T*T -352568/T/T", {"error": 0.1}],
    "G-H298.15 (J/mol-atom)": [" -10183.5 +167.439*T -29.3161*T*log(T) +0.00144859*T*T -1.20876e-06*T*T*T +176284/T", {"error": 618.66}],
    "H-H298.15 (J/mol-atom)": [" -10183.5 +29.3161*T -0.00144859*T*T +2.41752e-06*T*T*T +352568/T", {"error": 618.66}],
    "S (J/mol-atom/K)": [" -138.123 +29.3161*log(T) -0.00289719*T +3.62629e-06*T*T +176284/T/T", {"error": 0.6}],
    "T": [297.81, 1877.56]
}
