{
    "Cp (J/mol-atom/K)": [" +27.4103 +0.00076171*T +6.02266e-06*T*T -252143/T/T", {"error": 0.05}],
    "G-H298.15 (J/mol-atom)": [" -9328.47 +155.11*T -27.4103*T*log(T) -0.000380855*T*T -1.00378e-06*T*T*T +126071/T", {"error": 729.53}],
    "H-H298.15 (J/mol-atom)": [" -9328.47 +27.4103*T +0.000380855*T*T +2.00755e-06*T*T*T +252143/T", {"error": 729.53}],
    "S (J/mol-atom/K)": [" -127.7 +27.4103*log(T) +0.00076171*T +3.01133e-06*T*T +126071/T/T", {"error": 0.66}],
    "T": [297.81, 1877.56]
}
