{
    "Cp (J/mol-atom/K)": [" +27.3972 +0.000771673*T +6.0222e-06*T*T -250086/T/T", {"error": 0.05}],
    "G-H298.15 (J/mol-atom)": [" -9300.86 +155.035*T -27.3972*T*log(T) -0.000385837*T*T -1.0037e-06*T*T*T +125043/T", {"error": 780.35}],
    "H-H298.15 (J/mol-atom)": [" -9300.86 +27.3972*T +0.000385837*T*T +2.0074e-06*T*T*T +250086/T", {"error": 780.35}],
    "S (J/mol-atom/K)": [" -127.638 +27.3972*log(T) +0.000771673*T +3.0111e-06*T*T +125043/T/T", {"error": 0.68}],
    "T": [290.0, 1880.0]
}
