{
    "Cp (J/mol-atom/K)": [" +25.4375 +0.00212851*T +1.87725e-06*T*T -56664.3/T/T", {"error": 0.71}],
    "G-H298.15 (J/mol-atom)": [" -5182.42 +137.902*T -25.4375*T*log(T) -0.00106425*T*T -3.12875e-07*T*T*T +28332.1/T", {"error": 3269.74}],
    "H-H298.15 (J/mol-atom)": [" -5182.42 +25.4375*T +0.00106425*T*T +6.2575e-07*T*T*T +56664.3/T", {"error": 3269.74}],
    "S (J/mol-atom/K)": [" -112.465 +25.4375*log(T) +0.00212851*T +9.38624e-07*T*T +28332.1/T/T", {"error": 2.89}],
    "T": [297.81, 2000.0]
}
