{
    "Cp (J/mol-atom/K)": [" +31.5417 -0.0119818*T +9.93289e-06*T*T -318125/T/T", {"error": 0.02}],
    "G-H298.15 (J/mol-atom)": [" -9772.76 +178.65*T -31.5417*T*log(T) +0.00599089*T*T -1.65548e-06*T*T*T +159063/T", {"error": 300.1}],
    "H-H298.15 (J/mol-atom)": [" -9772.76 +31.5417*T -0.00599089*T*T +3.31096e-06*T*T*T +318125/T", {"error": 300.1}],
    "S (J/mol-atom/K)": [" -147.108 +31.5417*log(T) -0.0119818*T +4.96644e-06*T*T +159063/T/T", {"error": 0.3}],
    "T": [297.81, 845.49]
}
