{
    "Cp (J/mol-atom/K)": [" +12.0957 +0.000836109*T -3.53774e-08*T*T -258824/T/T", {"error": 0.02}],
    "G-H298.15 (J/mol-atom)": [" -4526.28 +75.5316*T -12.0957*T*log(T) -0.000418054*T*T +5.89624e-09*T*T*T +129412/T", {"error": 28.5}],
    "H-H298.15 (J/mol-atom)": [" -4526.28 +12.0957*T +0.000418054*T*T -1.17925e-08*T*T*T +258824/T", {"error": 28.5}],
    "S (J/mol-atom/K)": [" -63.4359 +12.0957*log(T) +0.000836109*T -1.76887e-08*T*T +129412/T/T", {"error": 0.0}],
    "T": [297.81, 2000.0]
}
