{
    "Cp (J/mol-atom/K)": [" +26.63 -0.00282468*T +3.51764e-06*T*T -631720/T/T", {"error": 0.22}],
    "G-H298.15 (J/mol-atom)": [" -9961.4 +166.587*T -26.63*T*log(T) +0.00141234*T*T -5.86273e-07*T*T*T +315860/T", {"error": 42.6}],
    "H-H298.15 (J/mol-atom)": [" -9961.4 +26.63*T -0.00141234*T*T +1.17255e-06*T*T*T +631720/T", {"error": 42.6}],
    "S (J/mol-atom/K)": [" -139.957 +26.63*log(T) -0.00282468*T +1.75882e-06*T*T +315860/T/T", {"error": 0.03}],
    "T": [297.81, 1877.56]
}
