{
    "Cp (J/mol-atom/K)": [" +24.9904 +9.9265e-05*T +2.20694e-06*T*T -535019/T/T", {"error": 0.04}],
    "G-H298.15 (J/mol-atom)": [" -9313.47 +155.863*T -24.9904*T*log(T) -4.96325e-05*T*T -3.67824e-07*T*T*T +267509/T", {"error": 35.3}],
    "H-H298.15 (J/mol-atom)": [" -9313.47 +24.9904*T +4.96325e-05*T*T +7.35648e-07*T*T*T +535019/T", {"error": 35.3}],
    "S (J/mol-atom/K)": [" -130.872 +24.9904*log(T) +9.9265e-05*T +1.10347e-06*T*T +267509/T/T", {"error": 0.02}],
    "T": [297.81, 1788.26]
}
