{
    "Cp (J/mol-atom/K)": [" +12.0481 +0.000866081*T -2.18123e-08*T*T -255156/T/T", {"error": 0.02}],
    "G-H298.15 (J/mol-atom)": [" -4482.59 +75.1989*T -12.0481*T*log(T) -0.00043304*T*T +3.63539e-09*T*T*T +127578/T", {"error": 3.87}],
    "H-H298.15 (J/mol-atom)": [" -4482.59 +12.0481*T +0.00043304*T*T -7.27078e-09*T*T*T +255156/T", {"error": 3.87}],
    "S (J/mol-atom/K)": [" -63.1508 +12.0481*log(T) +0.000866081*T -1.09062e-08*T*T +127578/T/T", {"error": 0.0}],
    "T": [297.81, 2000.0]
}
