{
    "Cp (J/mol-atom/K)": [" +24.1294 +0.00208992*T +1.10347e-06*T*T -501076/T/T", {"error": 0.03}],
    "G-H298.15 (J/mol-atom)": [" -9023.83 +150.456*T -24.1294*T*log(T) -0.00104496*T*T -1.83912e-07*T*T*T +250538/T", {"error": 32.16}],
    "H-H298.15 (J/mol-atom)": [" -9023.83 +24.1294*T +0.00104496*T*T +3.67824e-07*T*T*T +501076/T", {"error": 32.16}],
    "S (J/mol-atom/K)": [" -126.327 +24.1294*log(T) +0.00208992*T +5.51736e-07*T*T +250538/T/T", {"error": 0.01}],
    "T": [297.81, 1400.32]
}
