{
    "Cp (J/mol-atom/K)": [" +26.3039 -0.00217134*T +3.16857e-06*T*T -614992/T/T", {"error": 0.13}],
    "G-H298.15 (J/mol-atom)": [" -9884.05 +164.489*T -26.3039*T*log(T) +0.00108567*T*T -5.28095e-07*T*T*T +307496/T", {"error": 37.33}],
    "H-H298.15 (J/mol-atom)": [" -9884.05 +26.3039*T -0.00108567*T*T +1.05619e-06*T*T*T +614992/T", {"error": 37.33}],
    "S (J/mol-atom/K)": [" -138.185 +26.3039*log(T) -0.00217134*T +1.58429e-06*T*T +307496/T/T", {"error": 0.02}],
    "T": [297.81, 1907.81]
}
