{
    "Cp (J/mol-atom/K)": [" +27.0059 -0.00349096*T +3.81459e-06*T*T -651773/T/T", {"error": 0.15}],
    "G-H298.15 (J/mol-atom)": [" -10118.9 +169.047*T -27.0059*T*log(T) +0.00174548*T*T -6.35764e-07*T*T*T +325886/T", {"error": 21.26}],
    "H-H298.15 (J/mol-atom)": [" -10118.9 +27.0059*T -0.00174548*T*T +1.27153e-06*T*T*T +651773/T", {"error": 21.26}],
    "S (J/mol-atom/K)": [" -142.041 +27.0059*log(T) -0.00349096*T +1.90729e-06*T*T +325886/T/T", {"error": 0.02}],
    "T": [290.0, 1900.0]
}
