{
    "Cp (J/mol-atom/K)": [" +23.6157 +0.00324547*T -9.92944e-07*T*T -463157/T/T", {"error": 0.05}],
    "G-H298.15 (J/mol-atom)": [" -9073.16 +142.491*T -23.6157*T*log(T) -0.00162273*T*T +1.65491e-07*T*T*T +231579/T", {"error": 280.68}],
    "H-H298.15 (J/mol-atom)": [" -9073.16 +23.6157*T +0.00162273*T*T -3.30981e-07*T*T*T +463157/T", {"error": 280.68}],
    "S (J/mol-atom/K)": [" -118.876 +23.6157*log(T) +0.00324547*T -4.96472e-07*T*T +231579/T/T", {"error": 0.29}],
    "T": [297.81, 2000.0]
}
