{
    "Cp (J/mol-atom/K)": [" +24.4663 +0.00111651*T -4.22478e-07*T*T -485609/T/T", {"error": 0.05}],
    "G-H298.15 (J/mol-atom)": [" -8929.07 +146.937*T -24.4663*T*log(T) -0.000558253*T*T +7.04129e-08*T*T*T +242805/T", {"error": 37.54}],
    "H-H298.15 (J/mol-atom)": [" -8929.07 +24.4663*T +0.000558253*T*T -1.40826e-07*T*T*T +485609/T", {"error": 37.54}],
    "S (J/mol-atom/K)": [" -122.471 +24.4663*log(T) +0.00111651*T -2.11239e-07*T*T +242805/T/T", {"error": 0.08}],
    "T": [297.81, 2000.0]
}
