{
    "Cp (J/mol-atom/K)": [" +1.95594 +0.000149245*T -4.73221e-08*T*T -38281.3/T/T", {"error": 0.0}],
    "G-H298.15 (J/mol-atom)": [" -712.796 +11.7609*T -1.95594*T*log(T) -7.46224e-05*T*T +7.88702e-09*T*T*T +19140.6/T", {"error": 4.17}],
    "H-H298.15 (J/mol-atom)": [" -712.796 +1.95594*T +7.46224e-05*T*T -1.5774e-08*T*T*T +38281.3/T", {"error": 4.17}],
    "S (J/mol-atom/K)": [" -9.805 +1.95594*log(T) +0.000149245*T -2.36611e-08*T*T +19140.6/T/T", {"error": 0.0}],
    "T": [297.81, 1877.56]
}
