{
    "Cp (J/mol-atom/K)": [" +24.3409 +0.00134453*T -5.22592e-07*T*T -478471/T/T", {"error": 0.05}],
    "G-H298.15 (J/mol-atom)": [" -8882.74 +146.127*T -24.3409*T*log(T) -0.000672267*T*T +8.70987e-08*T*T*T +239235/T", {"error": 30.12}],
    "H-H298.15 (J/mol-atom)": [" -8882.74 +24.3409*T +0.000672267*T*T -1.74197e-07*T*T*T +478471/T", {"error": 30.12}],
    "S (J/mol-atom/K)": [" -121.786 +24.3409*log(T) +0.00134453*T -2.61296e-07*T*T +239235/T/T", {"error": 0.07}],
    "T": [297.81, 1877.56]
}
