{
    "Cp (J/mol-atom/K)": [" +23.4305 +0.00258913*T -7.03116e-07*T*T -455306/T/T", {"error": 0.03}],
    "G-H298.15 (J/mol-atom)": [" -8324.74 +140.591*T -23.4305*T*log(T) -0.00129457*T*T +1.17186e-07*T*T*T +227653/T", {"error": 338.02}],
    "H-H298.15 (J/mol-atom)": [" -8324.74 +23.4305*T +0.00129457*T*T -2.34372e-07*T*T*T +455306/T", {"error": 338.02}],
    "S (J/mol-atom/K)": [" -117.16 +23.4305*log(T) +0.00258913*T -3.51558e-07*T*T +227653/T/T", {"error": 0.21}],
    "T": [290.0, 2000.0]
}
