{
    "Cp (J/mol-atom/K)": [" +23.3899 +0.00265798*T -7.2941e-07*T*T -454158/T/T", {"error": 0.04}],
    "G-H298.15 (J/mol-atom)": [" -8376.14 +140.374*T -23.3899*T*log(T) -0.00132899*T*T +1.21568e-07*T*T*T +227079/T", {"error": 317.94}],
    "H-H298.15 (J/mol-atom)": [" -8376.14 +23.3899*T +0.00132899*T*T -2.43137e-07*T*T*T +454158/T", {"error": 317.94}],
    "S (J/mol-atom/K)": [" -116.984 +23.3899*log(T) +0.00265798*T -3.64705e-07*T*T +227079/T/T", {"error": 0.21}],
    "T": [297.81, 2000.0]
}
