{
    "Cp (J/mol-atom/K)": [" +1.956 +0.000149154*T -4.72761e-08*T*T -38283.7/T/T", {"error": 0.0}],
    "G-H298.15 (J/mol-atom)": [" -712.82 +11.7612*T -1.956*T*log(T) -7.4577e-05*T*T +7.87935e-09*T*T*T +19141.9/T", {"error": 4.17}],
    "H-H298.15 (J/mol-atom)": [" -712.82 +1.956*T +7.4577e-05*T*T -1.57587e-08*T*T*T +38283.7/T", {"error": 4.17}],
    "S (J/mol-atom/K)": [" -9.80523 +1.956*log(T) +0.000149154*T -2.36381e-08*T*T +19141.9/T/T", {"error": 0.0}],
    "T": [297.81, 1877.56]
}
