{
    "Cp (J/mol-atom/K)": [" +24.5001 +0.00107238*T -4.09534e-07*T*T -486556/T/T", {"error": 0.05}],
    "G-H298.15 (J/mol-atom)": [" -9141.57 +147.154*T -24.5001*T*log(T) -0.000536188*T*T +6.82557e-08*T*T*T +243278/T", {"error": 98.26}],
    "H-H298.15 (J/mol-atom)": [" -9141.57 +24.5001*T +0.000536188*T*T -1.36511e-07*T*T*T +486556/T", {"error": 98.26}],
    "S (J/mol-atom/K)": [" -122.654 +24.5001*log(T) +0.00107238*T -2.04767e-07*T*T +243278/T/T", {"error": 0.07}],
    "T": [297.81, 2000.0]
}
