{
    "Cp (J/mol-atom/K)": [" +24.9178 +0.0052334*T +2.08673e-06*T*T -117653/T/T", {"error": 0.02}],
    "G-H298.15 (J/mol-atom)": [" -7981.67 +135.769*T -24.9178*T*log(T) -0.0026167*T*T -3.47788e-07*T*T*T +58826.5/T", {"error": 464.35}],
    "H-H298.15 (J/mol-atom)": [" -7981.67 +24.9178*T +0.0026167*T*T +6.95575e-07*T*T*T +117653/T", {"error": 464.35}],
    "S (J/mol-atom/K)": [" -110.851 +24.9178*log(T) +0.0052334*T +1.04336e-06*T*T +58826.5/T/T", {"error": 0.45}],
    "T": [297.81, 2000.0]
}
