{
    "Cp (J/mol-atom/K)": [" +17.1455 +0.00784352*T -1.35231e-06*T*T +19079.3/T/T", {"error": 0.01}],
    "G-H298.15 (J/mol-atom)": [" -5322.14 +77.8361*T -17.1455*T*log(T) -0.00392176*T*T +2.25384e-07*T*T*T -9539.66/T", {"error": 85.09}],
    "H-H298.15 (J/mol-atom)": [" -5322.14 +17.1455*T +0.00392176*T*T -4.50769e-07*T*T*T -19079.3/T", {"error": 85.09}],
    "S (J/mol-atom/K)": [" -60.6905 +17.1455*log(T) +0.00784352*T -6.76153e-07*T*T -9539.66/T/T", {"error": 0.03}],
    "T": [297.81, 2000.0]
}
