{
    "Cp (J/mol-atom/K)": [" +17.1214 +0.0078893*T -1.3723e-06*T*T +19655.5/T/T", {"error": 0.01}],
    "G-H298.15 (J/mol-atom)": [" -5355.94 +77.6655*T -17.1214*T*log(T) -0.00394465*T*T +2.28717e-07*T*T*T -9827.75/T", {"error": 60.62}],
    "H-H298.15 (J/mol-atom)": [" -5355.94 +17.1214*T +0.00394465*T*T -4.57434e-07*T*T*T -19655.5/T", {"error": 60.62}],
    "S (J/mol-atom/K)": [" -60.5442 +17.1214*log(T) +0.0078893*T -6.86151e-07*T*T -9827.75/T/T", {"error": 0.01}],
    "T": [297.81, 2000.0]
}
