{
    "Cp (J/mol-atom/K)": [" +23.3412 +0.0094262*T -1.08897e-06*T*T +24133.1/T/T", {"error": 0.01}],
    "G-H298.15 (J/mol-atom)": [" -7223.02 +106.166*T -23.3412*T*log(T) -0.0047131*T*T +1.81496e-07*T*T*T -12066.6/T", {"error": 56.02}],
    "H-H298.15 (J/mol-atom)": [" -7223.02 +23.3412*T +0.0047131*T*T -3.62992e-07*T*T*T -24133.1/T", {"error": 56.02}],
    "S (J/mol-atom/K)": [" -82.8244 +23.3412*log(T) +0.0094262*T -5.44487e-07*T*T -12066.6/T/T", {"error": 0.06}],
    "T": [297.81, 1877.56]
}
