{
    "Cp (J/mol-atom/K)": [" +25.1798 +0.00717135*T -9.23094e-07*T*T -71835.6/T/T", {"error": 0.04}],
    "G-H298.15 (J/mol-atom)": [" -8114.82 +118.389*T -25.1798*T*log(T) -0.00358568*T*T +1.53849e-07*T*T*T +35917.8/T", {"error": 55.17}],
    "H-H298.15 (J/mol-atom)": [" -8114.82 +25.1798*T +0.00358568*T*T -3.07698e-07*T*T*T +71835.6/T", {"error": 55.17}],
    "S (J/mol-atom/K)": [" -93.2092 +25.1798*log(T) +0.00717135*T -4.61547e-07*T*T +35917.8/T/T", {"error": 0.01}],
    "T": [297.81, 2000.0]
}
