{
    "Cp (J/mol-atom/K)": [" +23.3464 +0.00941671*T -1.08424e-06*T*T +23846.6/T/T", {"error": 0.01}],
    "G-H298.15 (J/mol-atom)": [" -7226.86 +106.202*T -23.3464*T*log(T) -0.00470835*T*T +1.80707e-07*T*T*T -11923.3/T", {"error": 54.88}],
    "H-H298.15 (J/mol-atom)": [" -7226.86 +23.3464*T +0.00470835*T*T -3.61414e-07*T*T*T -23846.6/T", {"error": 54.88}],
    "S (J/mol-atom/K)": [" -82.8558 +23.3464*log(T) +0.00941671*T -5.4212e-07*T*T -11923.3/T/T", {"error": 0.06}],
    "T": [297.81, 2000.0]
}
