{
    "Cp (J/mol-atom/K)": [" +23.3528 +0.00940616*T -1.08007e-06*T*T +23088.5/T/T", {"error": 0.01}],
    "G-H298.15 (J/mol-atom)": [" -7222.98 +106.235*T -23.3528*T*log(T) -0.00470308*T*T +1.80011e-07*T*T*T -11544.3/T", {"error": 56.95}],
    "H-H298.15 (J/mol-atom)": [" -7222.98 +23.3528*T +0.00470308*T*T -3.60023e-07*T*T*T -23088.5/T", {"error": 56.95}],
    "S (J/mol-atom/K)": [" -82.8819 +23.3528*log(T) +0.00940616*T -5.40034e-07*T*T -11544.3/T/T", {"error": 0.06}],
    "T": [290.0, 2000.0]
}
