{
    "Cp (J/mol-atom/K)": [" +17.1074 +0.00792212*T -1.38297e-06*T*T +20378.3/T/T", {"error": 0.01}],
    "G-H298.15 (J/mol-atom)": [" -5291.03 +77.5796*T -17.1074*T*log(T) -0.00396106*T*T +2.30495e-07*T*T*T -10189.2/T", {"error": 103.24}],
    "H-H298.15 (J/mol-atom)": [" -5291.03 +17.1074*T +0.00396106*T*T -4.6099e-07*T*T*T -20378.3/T", {"error": 103.24}],
    "S (J/mol-atom/K)": [" -60.4721 +17.1074*log(T) +0.00792212*T -6.91485e-07*T*T -10189.2/T/T", {"error": 0.01}],
    "T": [297.81, 2000.0]
}
