{
    "Cp (J/mol-atom/K)": [" +17.0275 +0.00831757*T -1.64665e-06*T*T +18741.3/T/T", {"error": 0.01}],
    "G-H298.15 (J/mol-atom)": [" -5367.07 +77.1952*T -17.0275*T*log(T) -0.00415879*T*T +2.74442e-07*T*T*T -9370.65/T", {"error": 64.89}],
    "H-H298.15 (J/mol-atom)": [" -5367.07 +17.0275*T +0.00415879*T*T -5.48884e-07*T*T*T -18741.3/T", {"error": 64.89}],
    "S (J/mol-atom/K)": [" -60.1677 +17.0275*log(T) +0.00831757*T -8.23326e-07*T*T -9370.65/T/T", {"error": 0.02}],
    "T": [297.81, 2000.0]
}
